Daerah,01/2015,02/2015,03/2015,04/2015,05/2015,06/2015,07/2015,08/2015,09/2015,10/2015,11/2015,12/2015,01/2016,02/2016,03/2016,04/2016,05/2016,06/2016,07/2016,08/2016,09/2016,10/2016,11/2016,12/2016,01/2017,02/2017,03/2017,04/2017,05/2017,06/2017,07/2017,08/2017,09/2017,10/2017,11/2017,12/2017,01/2018,02/2018,03/2018,04/2018,05/2018,06/2018,07/2018,08/2018,09/2018,10/2018,11/2018,12/2018,01/2019,02/2019,03/2019,04/2019,05/2019,06/2019,07/2019,08/2019,09/2019,10/2019,11/2019,12/2019
KAB ACEH TENGAH,-,-,-,-,-,-,-,-,-,-,-,-,-,-,-,-,-,-,-,-,-,-,-,-,-,-,-,-,-,-,-,-,-,-,-,-,-,-,-,-,-,-,-,-,-,-,-,-,-,-,-,-,-,-,-,-,-,-,-,-
KOTA MEULABOH,120.41,119.24,118.48,118.58,119.37,120.05,121.06,120.3,120.27,120.33,120.67,121.26,121.82,122.27,122.18,122.01,122.49,122.68,123.18,123.82,124.85,125.25,125.44,125.83,127.51,128.03,127.95,127.29,127.37,127.98,127.99,128.3,128.78,129.14,130.28,131.82,131.63,131.3,131.57,130.88,131.62,131.88,132.81,133.11,132.57,132.35,132.45,133.08,134.29,133.34,133.86,134.1,135.89,137.66,137.95,138.22,139.48,139.73,139.03,138.77
KAB ACEH TAMIANG,-,-,-,-,-,-,-,-,-,-,-,-,-,-,-,-,-,-,-,-,-,-,-,-,-,-,-,-,-,-,-,-,-,-,-,-,-,-,-,-,-,-,-,-,-,-,-,-,-,-,-,-,-,-,-,-,-,-,-,-
KOTA BANDA ACEH,114.95,113.91,113.22,113.31,113.89,115.26,115.96,115.71,115.29,115.41,115.67,116.3,117.01,117.03,116.73,115.46,116.3,117.58,118.44,118.02,118.94,118.92,119.1,119.94,120.27,120.5,120.32,120.2,121.23,122.21,122.6,123.11,123.87,124.08,124.45,125.77,125.35,125.09,124.99,124.87,125.77,126.83,126.93,127.56,126.6,127.01,128.18,128.2,128.75,128.06,127.5,127.96,129.85,130.34,130.03,130.12,129.41,129.5,129.37,129.97
KOTA LHOKSEUMAWE,116,113.6,113.03,113.92,114.34,115.52,115.87,115.7,115.96,116.38,116.78,118.31,118.65,118.49,118.26,117.8,118.09,119.02,119.2,119.79,121.52,121.79,122.19,124.94,125.26,124.27,122.53,121.7,122.79,123.9,124.32,125.68,125.88,126,126.39,128.53,128.94,128.26,127.94,127.37,128.25,129.66,130.1,129.88,128.78,129.43,129.8,131.16,131.34,130.45,129.86,130.69,131.81,132.21,132.5,131.78,131.22,131.91,131.94,132.73
KAB LABUHANBATU,-,-,-,-,-,-,-,-,-,-,-,-,-,-,-,-,-,-,-,-,-,-,-,-,-,-,-,-,-,-,-,-,-,-,-,-,-,-,-,-,-,-,-,-,-,-,-,-,-,-,-,-,-,-,-,-,-,-,-,-
KAB KARO,-,-,-,-,-,-,-,-,-,-,-,-,-,-,-,-,-,-,-,-,-,-,-,-,-,-,-,-,-,-,-,-,-,-,-,-,-,-,-,-,-,-,-,-,-,-,-,-,-,-,-,-,-,-,-,-,-,-,-,-
KAB DELI SERDANG,-,-,-,-,-,-,-,-,-,-,-,-,-,-,-,-,-,-,-,-,-,-,-,-,-,-,-,-,-,-,-,-,-,-,-,-,-,-,-,-,-,-,-,-,-,-,-,-,-,-,-,-,-,-,-,-,-,-,-,-
KOTA SIBOLGA,120.13,117.68,117.3,117.98,119.83,121.46,123.31,122.41,120.15,119.9,120.83,123.39,125.64,125.62,126.56,124.29,123.71,124.87,126.01,126.78,129.12,130.83,132.13,132.51,133.28,131.5,130.58,130.91,131.42,131.92,131.61,132.94,134.17,134.58,136.07,136.59,138.34,137.65,138.74,137.85,137.75,138.15,139,138.48,139.02,140.75,140.36,140.5,140.46,139.48,139.82,141.43,142.38,145.59,148.33,147.47,144.61,144.08,143.39,144.12
KOTA PEMATANG SIANTAR,121.23,119.56,119.76,120.43,121.77,123.52,123.59,123.34,123,123.53,123.87,126.07,126.63,126.21,127.04,126.2,127.24,128.07,128.29,129.14,129.51,130.32,131.36,132.07,133.02,132.8,133.03,132.81,132.8,132.71,133.06,134.16,134.9,135.1,135.53,136.16,136.89,136.1,136.33,137.1,137.09,137.23,137.71,137.8,137.47,138.57,138.56,139.09,139.1,138.69,139.06,140.49,141.43,142.71,143.12,142.55,140.87,140.89,140.75,141.23
KOTA MEDAN,120.27,118.64,118.63,119.77,120.98,121.91,122.91,123.63,122.77,122.37,123.02,124.7,125.83,126.31,127.42,125.87,126.42,127.45,127.54,128.59,130.29,131.74,132.72,132.93,133.44,132.59,132.33,131.63,131.73,132.05,132.46,133.87,135.31,135.63,136.17,137.16,138.14,136.82,137.66,137.65,136.46,136.47,137.14,137.15,137.28,139.26,138.37,138.53,138.83,138.42,138.86,140.66,142.53,144.92,146.3,146.7,143.88,143.39,142.29,141.89
KOTA PADANGSIDIMPUAN,117.9,116.25,116.24,116.82,117.55,118.12,119.42,119.03,118.05,118.04,118.52,120.22,121.09,120.86,121.51,120.67,121.04,121.32,123.23,122.73,123.75,124.37,125.33,125.36,126.72,126.63,126.08,126.34,126.23,127.6,126.96,127.5,128.01,128.21,129.03,130.15,130.51,129.75,130.18,131.17,130.45,130.95,131.64,131.65,131.7,131.84,132.5,133.04,133.65,133.05,133.38,133.86,134.22,136.62,136.7,136.97,135.67,136.15,136.08,135.9
KOTA GUNUNGSITOLI,-,-,-,-,-,-,-,-,-,-,-,-,-,-,-,-,-,-,-,-,-,-,-,-,-,-,-,-,-,-,-,-,-,-,-,-,-,-,-,-,-,-,-,-,-,-,-,-,-,-,-,-,-,-,-,-,-,-,-,-
KAB DHARMASRAYA,-,-,-,-,-,-,-,-,-,-,-,-,-,-,-,-,-,-,-,-,-,-,-,-,-,-,-,-,-,-,-,-,-,-,-,-,-,-,-,-,-,-,-,-,-,-,-,-,-,-,-,-,-,-,-,-,-,-,-,-
KAB PASAMAN BARAT,-,-,-,-,-,-,-,-,-,-,-,-,-,-,-,-,-,-,-,-,-,-,-,-,-,-,-,-,-,-,-,-,-,-,-,-,-,-,-,-,-,-,-,-,-,-,-,-,-,-,-,-,-,-,-,-,-,-,-,-
KOTA PADANG,123.54,120.98,120.99,121.67,122.46,123.48,124.97,125.44,124.83,124.28,124.87,127.1,127.12,128.21,128.91,127.72,127.25,127.38,129.32,130.4,131.16,131.9,133.39,133.48,134.24,134.06,134.04,133.62,133.56,134.01,134.73,134.25,134.43,134.69,135.33,136.3,136.88,136.76,137.19,137.2,137.83,138.37,139.23,138.67,138.18,139.28,139.55,139.77,140.11,139.49,139.95,140.56,141.77,143.28,144.55,144.41,143.04,142.55,142.07,142.17
KOTA BUKITTINGGI,117.76,114.99,114.79,115.67,116.62,117.15,119.09,119.74,118.87,118.39,119.37,121.52,121.88,121.62,123.05,121.09,120.68,121.56,123.34,123.83,125.2,125.66,127.01,126.29,126.57,126,126.31,126.08,125.52,125.77,125.88,126.23,126.62,127.14,127.55,128.02,128.98,128.69,129.05,129.21,128.71,128.97,129.08,128.91,129.04,130.23,131.31,131.85,131.34,130.7,130.84,131.51,132.54,134.24,134.86,135.18,133.69,133.72,133.59,133.58
TEMBILAHAN,123.83,122.65,122.58,123.34,124.41,124.94,125.93,126.25,125.77,125.46,125.65,126.62,127.21,127.14,127.48,127.02,127.17,128.23,128.97,129.31,129.02,129.65,129.87,129.89,131.43,131.25,131.26,131.29,132.2,132.62,132.9,133.96,133.95,134.07,134.76,135.43,136.38,135.87,137.75,137.98,138.3,138.45,138.76,138.03,136.99,136.94,138.04,139,139.53,138.75,139.28,140.76,142.58,143.85,144.3,143.83,143.43,142.58,142.37,142.34
KAB KAMPAR,-,-,-,-,-,-,-,-,-,-,-,-,-,-,-,-,-,-,-,-,-,-,-,-,-,-,-,-,-,-,-,-,-,-,-,-,-,-,-,-,-,-,-,-,-,-,-,-,-,-,-,-,-,-,-,-,-,-,-,-
KOTA PEKANBARU,118.73,118.02,117.98,118.93,119.42,120.31,120.99,121.53,121.04,120.81,121.3,122.8,123.11,122.5,123.16,121.61,121.89,122.29,123.79,123.95,125.12,125.96,127.6,127.95,129.82,129.04,129.53,129.89,130.05,130.24,131,131.26,131.65,132.09,132.52,133.16,133.95,133.59,134.34,134.61,134.58,134.6,135.13,135.38,135.1,135.72,136.29,136.54,136.4,135.96,136.08,136.77,137.53,139.32,140.59,141.09,140.76,140.7,140.34,140.03
KOTA DUMAI,119.16,118.35,118.5,118.95,120.12,120.83,121.77,122.44,122.16,122.3,122.27,122.75,123.55,123.94,124.23,123.43,123.51,124.48,125.05,125.11,125.91,126.5,127.54,127.63,129.65,131.1,130.85,130.57,130.71,131.89,131.95,132.13,132.19,132.29,133.11,133.82,134.3,133.98,134.05,134.24,134.45,135.33,135.19,134.73,134.38,135.05,136,136.3,136.25,135.82,135.92,136.39,137.82,138.92,139.49,139.14,138.04,138.11,137.95,138.05
KAB KERINCI,-,-,-,-,-,-,-,-,-,-,-,-,-,-,-,-,-,-,-,-,-,-,-,-,-,-,-,-,-,-,-,-,-,-,-,-,-,-,-,-,-,-,-,-,-,-,-,-,-,-,-,-,-,-,-,-,-,-,-,-
BUNGO,118.43,116.86,116.06,116.17,116.57,117.29,119.17,119.45,119.2,118.82,118.9,120.6,121.54,121.76,121.38,121.23,120.13,122.13,123.33,123.1,123.02,123.7,124.49,124.35,125.37,125.34,126.23,126.69,126.89,127.98,128.58,128.34,127.98,128.69,129.23,129.64,129.96,129.79,130.2,130.44,130.63,131.04,131.2,131.24,131.25,131.92,132.62,132.83,133.21,132.94,133.4,134,136.14,137.54,137.75,137.57,136.96,136.71,136.01,136.3
KOTA JAMBI,118.97,117.19,116.95,117.3,118.69,119.33,121.17,121.47,119.94,120.02,120.59,121.69,122.2,122.47,122.79,121.01,122.09,123.27,124.7,124.86,124.65,126.13,126.76,127.21,127.53,125.74,126.13,126.88,127.27,127.85,128.23,127.98,127.54,127.61,128.67,130.62,131.81,130.71,131.53,131.81,131.66,133.52,132.51,132.61,131.91,133.07,133.27,134.57,133.89,133.5,133.94,134.76,135.27,136.65,137.3,136.15,135.83,135.98,135.76,136.28
KAB OGAN KOMERING ILIR,-,-,-,-,-,-,-,-,-,-,-,-,-,-,-,-,-,-,-,-,-,-,-,-,-,-,-,-,-,-,-,-,-,-,-,-,-,-,-,-,-,-,-,-,-,-,-,-,-,-,-,-,-,-,-,-,-,-,-,-
KAB MUARA ENIM,-,-,-,-,-,-,-,-,-,-,-,-,-,-,-,-,-,-,-,-,-,-,-,-,-,-,-,-,-,-,-,-,-,-,-,-,-,-,-,-,-,-,-,-,-,-,-,-,-,-,-,-,-,-,-,-,-,-,-,-
KOTA PALEMBANG,115.61,115.05,115.41,115.96,116.61,117.06,118.29,118.61,118.16,118.38,119.19,120.53,120.91,120.78,121.05,120.82,121.62,122.18,123.55,123.23,123.53,123.43,124.13,124.96,125.62,125.73,125.61,125.51,126.31,127.4,127.56,127.3,127.19,127.29,127.73,128.52,129.29,129.21,129.72,130.1,130.3,131.15,131.14,130.92,130.39,130.57,130.84,132.09,132.27,131.95,131.94,132.67,133.17,133.92,134.44,134.23,134.01,133.89,134.29,134.81
KOTA LUBUKLINGGAU,115.17,113.88,113.91,115.04,115.62,116.62,118.84,119.42,119.23,118.57,118.84,120.51,121.1,120.58,121.28,120.37,120.77,121.64,122.23,121.76,122.72,123.11,123.68,123.81,124.86,125.23,125.14,125.39,126.07,127.33,127.07,127.36,126.79,126.87,127.76,128.69,129.82,129.79,130.18,130.56,130.65,130.9,131.27,131.36,130.98,131.02,131.35,131.8,132.14,131.61,131.76,132.24,133.4,134.06,134.66,134.57,134.15,134.19,134.24,134.57
KAB MUKO MUKO,-,-,-,-,-,-,-,-,-,-,-,-,-,-,-,-,-,-,-,-,-,-,-,-,-,-,-,-,-,-,-,-,-,-,-,-,-,-,-,-,-,-,-,-,-,-,-,-,-,-,-,-,-,-,-,-,-,-,-,-
KOTA BENGKULU,123.53,121.73,121.96,122.63,123.09,124.19,125.91,128.41,128.13,127.47,127.59,128.6,129.46,129.14,129.19,128.1,129.23,130.98,133.26,133.95,134.05,134.76,134.84,135.03,136.36,136.65,136.96,136.55,137.31,138.1,138.59,138.86,138.8,138.63,138.87,139.84,141.22,140.8,141.32,141.69,142.15,143.3,144.55,141.95,142.79,141.73,142.01,143.13,144.39,143.98,143.65,144.43,146.04,147.15,147.98,146.7,147.64,146.82,146.43,147.3
KAB LAMPUNG TIMUR,-,-,-,-,-,-,-,-,-,-,-,-,-,-,-,-,-,-,-,-,-,-,-,-,-,-,-,-,-,-,-,-,-,-,-,-,-,-,-,-,-,-,-,-,-,-,-,-,-,-,-,-,-,-,-,-,-,-,-,-
KAB MESUJI,-,-,-,-,-,-,-,-,-,-,-,-,-,-,-,-,-,-,-,-,-,-,-,-,-,-,-,-,-,-,-,-,-,-,-,-,-,-,-,-,-,-,-,-,-,-,-,-,-,-,-,-,-,-,-,-,-,-,-,-
KOTA BANDAR LAMPUNG,117.65,117.31,117.87,118.77,119.55,120.39,121.69,122.19,122.22,122.33,122.47,123.9,124.22,123.59,124.2,123.26,123.34,124.26,124.92,124.78,125.16,125.88,126.42,127.31,128.38,129.13,129.05,128.78,129.92,130.62,130.5,129.95,130.28,130.42,130.7,131.31,133.17,133.25,133.4,133.39,133.32,134.62,134.56,134.63,134.36,134.39,134.73,135.15,135.47,135.02,135.49,136.42,137.53,138.4,139.38,139.55,139.3,139.17,139.26,139.92
KOTA METRO,126.67,125.45,125.76,125.9,126.93,128,129.69,129.26,129.45,129.49,129.16,130.28,131.12,131.67,131.84,130.78,130.75,131.63,132.02,132.86,133.06,133.11,133.91,134.08,135.04,135.42,135.01,134.78,135.94,136.59,136.49,136.31,136.45,136.77,136.88,137.19,137.85,138.11,138.34,138.18,137.73,138.44,138.37,138.65,138.39,138.69,139.06,139.44,139.63,139.58,139.8,140.52,141.21,141.89,142.49,143.08,142.64,142.5,143.01,143.58
TANJUNG PANDAN,128.58,126.08,123.59,123.99,125.05,125.91,125.3,128.17,129.71,127.18,126.38,127.94,127.91,129.21,127.63,126.79,128.44,130.32,133.37,132.6,131.7,132.11,133.03,134.23,136.53,136.14,134.11,135.36,136.58,139.08,138.91,137.94,136.74,137.14,137.5,139.56,140.17,139.77,139.7,139.32,139.76,141.55,142.75,143.46,141.85,142.7,142.16,143.35,145.12,143.93,144.32,145.97,146.27,145.67,147.46,146.95,147.65,147.77,146.21,147.92
KAB BANGKA BARAT,-,-,-,-,-,-,-,-,-,-,-,-,-,-,-,-,-,-,-,-,-,-,-,-,-,-,-,-,-,-,-,-,-,-,-,-,-,-,-,-,-,-,-,-,-,-,-,-,-,-,-,-,-,-,-,-,-,-,-,-
KAB BELITUNG TIMUR,-,-,-,-,-,-,-,-,-,-,-,-,-,-,-,-,-,-,-,-,-,-,-,-,-,-,-,-,-,-,-,-,-,-,-,-,-,-,-,-,-,-,-,-,-,-,-,-,-,-,-,-,-,-,-,-,-,-,-,-
KOTA PANGKAL PINANG,119.38,118.32,117.77,118.79,118.06,117.9,121.65,122.35,123.38,123.12,121.87,123.77,124.92,125.41,125.74,124.55,124.41,127.07,128.54,129.73,130.56,130.12,130.85,133.4,135.69,134.19,134.7,136.08,134.81,136.38,135.94,134.88,135.08,134.99,135.15,136.95,138.69,137.54,137.92,139.31,137.93,140.44,140.92,139.47,139.54,139.07,139.06,141.67,142.99,142.3,141.22,142.26,144.79,146.22,145.62,145.48,145.61,145.58,144.39,144.94
KAB KARIMUN,-,-,-,-,-,-,-,-,-,-,-,-,-,-,-,-,-,-,-,-,-,-,-,-,-,-,-,-,-,-,-,-,-,-,-,-,-,-,-,-,-,-,-,-,-,-,-,-,-,-,-,-,-,-,-,-,-,-,-,-
KOTA BATAM,116.53,115.94,116.23,116.76,117.66,118.68,120.82,121.67,121.52,120.71,121.34,122.54,123.14,122.61,122.93,121.88,121.8,123.58,125.32,124.9,125.34,125.43,126.63,126.96,127.81,127.92,126.86,127.47,128.18,129.64,129.49,129.5,130.18,131.12,131.26,132.2,133.51,133.43,133.79,133.36,133.5,135.22,135.54,134.65,134.53,134.71,135.4,137.03,137.14,137.5,137.48,137.73,139.15,139.48,140.33,139.12,138.35,137.97,137.96,139.73
KOTA TANJUNG PINANG,119.56,119.04,118.79,119.54,120.06,120.78,121.83,121.42,122.24,121.01,121.23,122.27,123.41,123.84,124.2,122.47,122.61,123.42,124.8,124.88,125.04,125.36,125.74,126.01,127.23,127.98,127.16,126.83,127.35,127.94,128.47,128.73,129.16,129.13,129.18,130.26,130.49,130.68,130.45,130.28,130.94,131.26,131.85,132.15,131.98,132.36,132.22,133.34,133.96,134.01,133.63,133.84,135.03,135.46,136.23,135.71,135.56,135.19,134.96,136.54
DKI JAKARTA,118.92,119.2,119.43,119.75,120.16,120.58,121.75,122.37,122.38,122.32,122.47,123.35,123.65,123.57,123.75,123.41,123.65,124.29,125.09,125.1,125.32,125.63,125.93,126.27,127.52,127.94,128,127.97,128.6,129.19,129.71,129.88,129.94,130.02,130.12,130.97,131.53,132.02,132.14,132.22,132.82,133.46,133.81,133.85,133.68,134.05,134.45,135.25,135.58,135.93,136.12,136.67,137.47,138.12,138.47,138.7,138.65,138.94,139.2,139.62
KAB BANDUNG,-,-,-,-,-,-,-,-,-,-,-,-,-,-,-,-,-,-,-,-,-,-,-,-,-,-,-,-,-,-,-,-,-,-,-,-,-,-,-,-,-,-,-,-,-,-,-,-,-,-,-,-,-,-,-,-,-,-,-,-
KAB MAJALENGKA,-,-,-,-,-,-,-,-,-,-,-,-,-,-,-,-,-,-,-,-,-,-,-,-,-,-,-,-,-,-,-,-,-,-,-,-,-,-,-,-,-,-,-,-,-,-,-,-,-,-,-,-,-,-,-,-,-,-,-,-
KAB SUBANG,-,-,-,-,-,-,-,-,-,-,-,-,-,-,-,-,-,-,-,-,-,-,-,-,-,-,-,-,-,-,-,-,-,-,-,-,-,-,-,-,-,-,-,-,-,-,-,-,-,-,-,-,-,-,-,-,-,-,-,-
KOTA BOGOR,117.05,117.21,118.09,118.93,119.38,119.96,120.55,121.25,121.3,120.45,120.77,121.69,122.76,122.73,122.98,122.58,123.03,123.58,123.98,124.26,124.37,125.11,125.87,126.07,127.76,128.2,128.32,128.41,129.14,129.95,130.13,129.66,130.43,130.77,131.3,131.86,132.75,133.21,133.48,133.74,133.79,134.66,135.31,135.17,134.82,135.14,135.67,136.73,137.26,136.71,137.09,137.77,138.57,139.82,140.02,140.54,139.87,140.1,140.44,140.86
KOTA SUKABUMI,118.85,118.96,119.09,119.06,119.62,119.79,120.43,121.2,120.94,121,121.34,121.96,122.78,122.82,122.62,122.01,122.36,123.03,124.17,123.87,123.99,124.01,124.53,125.09,126.1,126.58,126.87,127.34,127.96,129.26,129.04,129.15,129.13,129.23,129.47,130.22,131.25,131.53,131.7,131.74,131.99,132.58,133.3,133.17,132.77,132.93,133.36,134.06,134.49,134.3,134.35,134.97,135.84,136.34,136.72,136.66,136.41,136.36,136.74,137.19
KOTA BANDUNG,117.05,116.62,117.33,117.84,118.17,119.02,120.03,120.62,120.61,120.54,120.77,121.71,122.36,122.18,122.42,122.21,122.5,123.23,124.11,123.5,123.67,123.84,124.49,125.28,125.89,126.37,126.35,126.48,127.08,128.34,127.99,128.07,128.21,128.17,128.67,129.61,130.68,130.97,131.24,131.59,131.88,132.51,132.73,132.71,132.39,133.05,133.53,134.48,134.6,134.49,134.53,135.11,136.25,136.39,137.14,137.97,137.59,137.41,137.6,138.22
KOTA CIREBON,116.96,116.45,116,116.46,117.25,117.61,118.69,118.62,118.3,118.42,118.62,118.94,119.53,119.22,119.28,119.11,119.43,120.1,120.39,120.27,120.61,120.73,121.09,121.16,122.18,122.7,122.55,123.04,123.83,124.79,125.96,125.61,125.44,125.53,125.73,126.44,127.72,128.48,128.11,128.01,128.21,129.09,129.36,128.94,128.59,128.75,129.23,129.98,130.24,130.03,130.27,130.62,131.1,131.3,131.62,131.94,131.62,131.66,132,132.58
KOTA BEKASI,117.29,117.22,116.79,116.91,117.38,117.89,118.84,119.82,119.37,118.99,119.02,120.1,120.54,120.5,120.68,119.94,120.05,121.13,121.44,121.54,121.86,121.77,122.74,123.07,124.05,124.26,124.55,124.65,124.99,126.11,125.93,125.8,126.13,126.22,126.24,126.77,127.96,128.72,129.57,129.1,129.81,130.03,131.15,130.95,130.86,131.07,131.35,132.13,133.02,133.25,133.26,133.72,135.12,135.59,136.45,136.95,136.87,136.76,137.27,137.79
KOTA DEPOK,118.13,117.49,117.8,117.56,118.32,118.75,119.88,120.47,120.15,119.91,120.19,121.2,122.03,121.51,121.94,121.5,121.89,122.89,123.48,123.18,123.64,123.65,124.13,124.35,125.42,126.13,126.19,126.47,127.11,128.34,128.83,128.55,128.56,128.31,128.46,129.24,130.12,130.5,130.68,130.48,130.65,131.55,131.59,132.14,131.95,132.38,132.64,132.93,133.19,133.13,133.45,134.11,135.3,136.8,136.87,137.36,137.01,136.88,137.06,137.31
KOTA TASIKMALAYA,116.62,116.39,116.74,117.08,117.33,118.18,118.79,119.23,119.13,119.83,120.32,121.1,122.23,121.85,122.01,121.62,122.15,123.07,123.69,123.29,123.44,123.49,123.83,124.43,125.3,125.69,125.73,126.42,127.21,127.89,127.93,128.23,128.54,128.44,128.61,129.26,130.55,130.83,130.96,130.83,131.38,132.15,132.33,131.84,131.49,131.56,131.9,132.23,132.77,132.63,132.67,132.95,133.88,134.26,134.52,134.58,134.07,133.97,134.06,134.5
CILACAP,120.87,120.73,120.74,120.76,121.33,121.85,123.06,123.35,123.42,123.13,123.38,124.37,125.32,125.18,125.32,124.84,125.03,125.79,127.13,126.9,126.96,127.01,127.69,127.81,129.85,130.74,130.59,130.6,131.37,132.67,132.09,131.79,132.12,132.15,132.66,133.45,135.22,135.73,135.58,135.43,135.32,136.35,136.47,136.3,136.12,136.68,137.11,137.73,138.18,137.83,138.27,138.63,138.89,139.93,140.12,140.58,139.93,139.83,140.05,140.75
PURWOKERTO,117.21,116.42,116.48,116.66,117.21,117.88,118.87,119.02,119,119.02,119.21,120.32,121,120.65,121.31,120.76,120.9,121.36,122.42,121.79,121.81,121.84,122.78,123.23,124.53,125.23,125.22,125.17,125.99,127.23,127.47,126.78,126.71,126.83,127.33,128.05,129.7,129.76,129.19,129.27,129.28,130.53,130.63,130.41,130.3,130.76,131.18,131.87,132.08,131.74,131.99,132.27,132.91,133.63,134.23,134.79,134.11,134,134.2,134.88
KAB WONOSOBO,-,-,-,-,-,-,-,-,-,-,-,-,-,-,-,-,-,-,-,-,-,-,-,-,-,-,-,-,-,-,-,-,-,-,-,-,-,-,-,-,-,-,-,-,-,-,-,-,-,-,-,-,-,-,-,-,-,-,-,-
KAB WONOGIRI,-,-,-,-,-,-,-,-,-,-,-,-,-,-,-,-,-,-,-,-,-,-,-,-,-,-,-,-,-,-,-,-,-,-,-,-,-,-,-,-,-,-,-,-,-,-,-,-,-,-,-,-,-,-,-,-,-,-,-,-
KAB REMBANG,-,-,-,-,-,-,-,-,-,-,-,-,-,-,-,-,-,-,-,-,-,-,-,-,-,-,-,-,-,-,-,-,-,-,-,-,-,-,-,-,-,-,-,-,-,-,-,-,-,-,-,-,-,-,-,-,-,-,-,-
KUDUS,123.71,123.23,123.21,123.47,124.03,124.73,125.83,126.58,126.93,126.79,127.05,128.23,128.8,128.5,129.16,128.35,128.56,128.88,130.28,129.65,129.7,129.94,130.81,131.2,132.98,134.22,134.15,134.22,135.3,136.05,135.6,135.38,135.51,135.39,135.86,136.67,138.03,138.81,138.9,138.91,139.11,139.55,139.7,139.54,139.44,139.84,140.25,140.92,141.26,140.97,141.29,141.58,141.89,142.75,143.38,144.56,144.33,144.47,144.82,145.17
KOTA SURAKARTA,116.61,115.55,115.69,116.1,116.53,117.15,118.27,118.5,117.97,118.28,118.66,119.83,120.45,120.32,120.82,120.59,120.64,120.91,121.66,121.36,121.43,121.31,122.04,122.41,123.83,124.43,124.24,124.39,124.8,125.88,126.01,124.72,124.64,124.65,124.84,126.21,126.91,127.53,127.76,127.73,127.78,128.86,128.97,128.22,127.98,128.29,128.57,129.3,129.81,129.67,130.05,130.93,131.3,131.89,132.39,132.18,131.83,132.16,132.46,133.1
KOTA SEMARANG,118.16,117.37,117.66,117.86,118.5,119.26,120.34,120.68,120.46,120.27,120.52,121.77,122.25,121.88,122.35,121.74,121.89,122.42,123.7,123.44,123.6,123.67,124.34,124.59,125.97,126.53,126.35,126.63,127.38,127.85,128.24,127.63,128.07,127.88,128.26,129.13,130.17,130.65,130.71,130.74,130.62,131.45,131.6,131.45,131.57,131.94,132.22,132.7,132.99,132.5,132.95,133.58,134.06,134.87,135.39,136.02,135.78,135.7,135.97,136.59
KOTA TEGAL,114.62,114.22,114.42,114.3,115.15,116.17,117.25,117.69,117.53,117.87,118.15,119.26,120,119.75,120.13,119.37,119.76,120.55,122.38,121.83,121.91,122.18,122.6,122.49,123.69,124.08,123.94,124.18,125.1,126.23,126.42,126.04,126.19,126.46,126.81,127.43,128.9,128.97,128.62,128.61,128.92,130.17,130.25,129.96,129.95,130.4,130.74,131.35,131.76,131.18,131.44,132.05,132.45,133.53,134.25,134.22,133.77,133.95,134.22,134.71
KAB GUNUNGKIDUL,-,-,-,-,-,-,-,-,-,-,-,-,-,-,-,-,-,-,-,-,-,-,-,-,-,-,-,-,-,-,-,-,-,-,-,-,-,-,-,-,-,-,-,-,-,-,-,-,-,-,-,-,-,-,-,-,-,-,-,-
KOTA YOGYAKARTA,116.99,116.52,116.69,117.13,117.55,117.96,118.7,119.09,119.14,119.15,119.31,120.45,121.09,120.98,121,120.81,120.91,121.43,122.57,122.52,122.33,122.39,122.78,123.21,124.74,125.19,125.11,125.46,125.87,126.64,127.18,126.61,126.78,126.98,127.24,128.39,129.1,129.04,129.23,129.36,129.46,130.05,130.78,130.44,130.29,130.46,131.06,131.81,132.37,132.26,132.6,133.21,133.77,134.1,134.17,134.27,134.18,134.42,134.84,135.46
KAB TULUNGAGUNG,-,-,-,-,-,-,-,-,-,-,-,-,-,-,-,-,-,-,-,-,-,-,-,-,-,-,-,-,-,-,-,-,-,-,-,-,-,-,-,-,-,-,-,-,-,-,-,-,-,-,-,-,-,-,-,-,-,-,-,-
JEMBER,117.24,116.61,116.79,116.99,117.45,117.69,118.8,119.17,119.52,119.46,119.77,120.24,120.76,120.91,120.99,120.43,120.61,120.95,121.46,121.1,121.37,121.05,121.43,122.56,124.35,124.62,124.43,124.78,125.23,125.78,125.87,125.76,125.83,125.62,126.05,126.88,127.59,127.82,127.72,128.23,128.55,129.5,129.39,129.38,129.32,129.63,129.98,130.62,130.82,130.61,130.53,131.12,131.96,131.75,132.07,132.5,132.12,132.19,132.56,133.28
BANYUWANGI,117.77,116.57,116.68,117.1,117.74,118.05,118.78,119.2,119.45,119.15,119.25,120.2,121.01,121.15,121.19,120.45,120.59,121.47,121.99,121.82,121.84,121.62,121.93,122.5,123.31,123.74,123.49,124.08,124.49,125.07,125.26,125.12,125.1,125.21,125.62,126.38,127.26,127.47,127.62,127.67,127.83,128.47,128.51,128.45,127.82,127.93,128.26,128.96,129.46,129.36,129.58,129.78,130.38,130.85,131.36,131.46,131.4,131.28,131.57,131.95
KAB BOJONEGORO,-,-,-,-,-,-,-,-,-,-,-,-,-,-,-,-,-,-,-,-,-,-,-,-,-,-,-,-,-,-,-,-,-,-,-,-,-,-,-,-,-,-,-,-,-,-,-,-,-,-,-,-,-,-,-,-,-,-,-,-
KAB GRESIK,-,-,-,-,-,-,-,-,-,-,-,-,-,-,-,-,-,-,-,-,-,-,-,-,-,-,-,-,-,-,-,-,-,-,-,-,-,-,-,-,-,-,-,-,-,-,-,-,-,-,-,-,-,-,-,-,-,-,-,-
SUMENEP,116.98,116.32,116.72,116.78,117.28,117.73,118.74,118.76,118.91,119.09,119.45,120.37,121.15,121.13,120.8,120.33,120.7,121.49,122.26,121.73,121.78,121.72,122.36,123.01,123.83,124.63,124.44,124.62,125.44,125.94,126.16,125.85,125.89,125.93,126.65,127.19,128.01,128.11,128.12,128.09,128.48,129.56,129.64,129.39,129.41,129.8,130.11,130.78,131.2,130.71,130.62,131.1,132.01,132.14,132.04,132.17,132,132.4,132.94,133.45
KOTA KEDIRI,118.73,117.75,118.08,118.45,118.7,119.01,119.63,119.65,119.96,119.91,120.04,120.99,121.56,121.16,121.27,120.73,120.87,121.06,122.01,121.32,121.58,121.48,122.12,122.56,123.71,124.57,124.41,124.88,125.51,126.06,125.92,125.7,126.09,125.94,126.23,126.77,126.95,127.28,127.41,127.59,127.37,127.92,128.04,127.91,128.17,128.38,128.89,129.27,129.46,129.35,129.56,130.03,130.1,130.2,130.77,130.47,130.12,130.53,131.02,131.63
KOTA MALANG,119.21,118.53,118.93,119.51,120.05,120.51,121.2,121.54,121.79,121.83,122.03,123.12,123.84,123.66,123.69,123.2,123.39,124.17,125.14,125.1,125.31,125.06,125.62,126.35,128.18,128.49,128.38,128.83,129.88,130.36,130.75,130.01,130.07,130.1,130.45,131.09,132,132.22,132.38,132.57,132.96,133.29,133.57,133.64,133.22,133.62,134.12,134.99,135.71,135.14,135.63,136.23,136.7,136.47,136.74,137,136.96,136.9,136.92,137.6
KOTA PROBOLINGGO,118.48,117.98,118,118.43,118.98,119.5,120.34,120.36,120.64,120.67,120.73,121.23,121.74,121.64,121.54,121.34,121.52,121.95,122.72,122.48,122.31,122.05,122.62,123.08,124.5,124.66,124.3,124.85,125.31,126.19,126.1,125.86,126,125.79,126.13,127,127.37,127.76,127.59,127.86,127.98,128.92,129,128.55,128.14,128.39,128.84,129.77,129.92,129.74,129.59,129.84,130.67,131.3,131.23,131.59,131.41,131.57,131.98,132.35
KOTA MADIUN,116.77,116.18,116.49,116.95,117.35,117.72,118.7,118.79,118.97,119.09,119.34,120.04,120.63,120.67,120.77,120.67,120.74,121.07,122.1,121.46,121.65,121.57,122.19,122.74,124.44,125.46,125.38,125.94,126.67,127.53,127.76,127.55,127.7,127.88,128.01,128.61,129.41,129.73,129.76,130.04,130.19,131.14,131.36,131.25,131.09,131.32,131.76,132.09,132.53,132.4,132.59,133.13,133.94,134.24,134.47,134.52,134.26,134.35,134.56,135
KOTA SURABAYA,118.29,117.79,118.21,118.69,119.15,119.79,120.25,120.83,121.14,120.73,120.71,121.85,122.74,122.6,122.67,122.49,122.65,123.5,124.53,124.65,124.88,124.75,125.07,125.77,127.98,128.18,128.1,128.4,128.9,129.57,129.76,129.51,129.85,129.92,130.16,131.26,132.09,132.27,132.35,132.61,132.83,133.33,133.37,133.68,133.88,134.08,134.36,135.24,135.69,135.52,135.73,136.33,136.58,136.86,137.01,137.16,137.13,137.02,137.4,138.23
KAB PANDEGLANG,-,-,-,-,-,-,-,-,-,-,-,-,-,-,-,-,-,-,-,-,-,-,-,-,-,-,-,-,-,-,-,-,-,-,-,-,-,-,-,-,-,-,-,-,-,-,-,-,-,-,-,-,-,-,-,-,-,-,-,-
KAB LEBAK,-,-,-,-,-,-,-,-,-,-,-,-,-,-,-,-,-,-,-,-,-,-,-,-,-,-,-,-,-,-,-,-,-,-,-,-,-,-,-,-,-,-,-,-,-,-,-,-,-,-,-,-,-,-,-,-,-,-,-,-
KOTA TANGERANG,124.25,123.72,124.09,125,125.86,126.64,127.84,128.7,128.5,128.52,128.92,130.16,131.32,131.04,131.06,130.2,130.39,131.06,131.47,131.37,131.9,131.99,132.74,133.61,134.48,135.13,135.09,135.03,135.7,136.63,136.45,136.35,136.78,136.7,137.19,138.29,138.34,138.71,139.38,139.93,139.95,140.34,141.13,141.55,141.64,141.63,142.18,143.08,143.49,143.55,143.56,144.18,144.83,145.68,146.08,146.86,146.82,147.09,147.63,147.82
KOTA CILEGON,121.14,119.93,120.63,121.03,121.98,122.47,123.32,124.23,124.6,124.55,124.46,125.69,126.64,126.46,126.94,126.31,126.88,128.2,129.22,129.21,129.06,129.14,129.77,130.99,132.26,132.76,133.43,133.77,134.54,135.56,136.3,136.58,136.74,136.75,137.22,137.85,138.42,138.76,138.85,138.82,139.47,140.46,140.8,140.49,140.3,140.32,140.81,141.62,142.36,142.06,142.59,143.16,144.01,144.55,145.47,145.91,145.35,145.21,145.97,146.63
KOTA SERANG,122.78,121.63,122.16,123.31,124.32,125.2,125.63,126.78,126.76,126.38,127.38,128.82,129.98,129.76,130.13,129.22,130.36,130.72,131.64,131.54,132.21,132.44,132.86,133.02,134.06,134.73,135.12,135.67,136.51,137.66,138.48,138.64,138.7,138.91,139.31,139.9,141.17,141.38,141.71,141.94,142.17,142.91,143.71,143.81,143.51,143.59,144.26,145.19,145.91,145.88,146.1,147.06,147.88,148.61,149.23,149.19,148.7,148.77,149.02,149.63
KAB TABANAN,-,-,-,-,-,-,-,-,-,-,-,-,-,-,-,-,-,-,-,-,-,-,-,-,-,-,-,-,-,-,-,-,-,-,-,-,-,-,-,-,-,-,-,-,-,-,-,-,-,-,-,-,-,-,-,-,-,-,-,-
KAB BADUNG,-,-,-,-,-,-,-,-,-,-,-,-,-,-,-,-,-,-,-,-,-,-,-,-,-,-,-,-,-,-,-,-,-,-,-,-,-,-,-,-,-,-,-,-,-,-,-,-,-,-,-,-,-,-,-,-,-,-,-,-
SINGARAJA,124.71,125.24,125.66,126.46,126.72,126.49,127.59,127.84,128.19,126.84,127.24,129.2,130.53,130.17,131.22,131.14,131.16,131.33,132.48,133.54,133.64,133.21,134.25,135.1,137.52,138.6,138.32,136.83,137.33,136.45,136.59,137.26,136.19,135.67,138.11,139.66,140.86,141.21,141.75,141.37,140.91,141.13,141.73,142.02,141.01,140.95,141.09,142.28,143.1,142.62,143.12,143.68,144.08,144.11,145.6,146.5,145.22,145.02,145.34,145.73
KOTA DENPASAR,116.35,116.19,116.35,116.81,117.26,117.42,118.51,118.91,118.65,117.99,118.46,119.58,120.16,120.25,120.32,120.08,120.21,120.68,121.29,121.83,122.15,121.92,122.26,123.1,124.81,125.33,125.35,125.44,125.58,125.57,125.72,126.05,125.64,125.58,125.82,127.17,128.37,129.21,129.4,129.49,129.45,129.94,130.56,130.86,130.18,130.05,130.49,131.5,132.31,131.74,132.05,132.39,132.68,132.73,133.52,134.06,133.36,133.56,133.54,134.62
KAB SUMBAWA,-,-,-,-,-,-,-,-,-,-,-,-,-,-,-,-,-,-,-,-,-,-,-,-,-,-,-,-,-,-,-,-,-,-,-,-,-,-,-,-,-,-,-,-,-,-,-,-,-,-,-,-,-,-,-,-,-,-,-,-
KOTA MATARAM,118,117.36,117.87,117.63,118.03,118.21,118.76,119.29,119.95,120.1,120.16,121.29,122.64,122.49,122.43,121.8,121.58,122.64,124.01,123.46,122.64,123.13,123.37,124.29,126.17,126.67,125.89,125.81,126.43,127.03,127.66,127.17,127.42,127.52,127.85,128.75,129.49,130.06,129.86,130.19,129.86,130.84,131.63,131.54,131.16,131.65,132.11,132.81,133.39,133.07,132.85,133.29,134.26,135.11,135.07,134.6,134.01,134.67,134.87,135.15
KOTA BIMA,120.98,120.01,119.74,121.04,121.11,120.15,121.98,122.18,122.2,123.33,124.14,125.22,126.84,127.32,127.14,126.99,126.09,128.43,129.61,129.71,129.12,128.53,128.78,129.11,130.92,130.4,129.21,129.71,130.54,131.82,131.89,132.22,131.46,131.48,132.55,134.38,134.5,135,134.23,135.3,134.78,135.82,136.92,136.63,136.33,136.99,137.41,138.71,139.77,138.81,138.26,139.19,140.83,141.05,140.32,139.54,139.32,139.66,140.52,141.86
WAINGAPU,-,-,-,-,-,-,-,-,-,-,-,-,-,-,-,-,-,-,-,-,-,-,-,-,-,-,-,-,-,-,-,-,-,-,-,-,-,-,-,-,-,-,-,-,-,-,-,-,-,-,-,-,-,-,-,-,-,-,-,-
KAB TIMOR TENGAH SELATAN,-,-,-,-,-,-,-,-,-,-,-,-,-,-,-,-,-,-,-,-,-,-,-,-,-,-,-,-,-,-,-,-,-,-,-,-,-,-,-,-,-,-,-,-,-,-,-,-,-,-,-,-,-,-,-,-,-,-,-,-
MAUMERE,113.78,112.91,112.81,113.29,113.36,113.42,114.93,115.54,115.77,115.72,116.4,117.6,118.09,118.41,117.5,117.16,117.15,117.47,117.41,117.01,118.41,118.72,119.88,121.86,122.35,122.29,122.01,121.8,122.26,122.57,122.94,123.09,123.82,123.34,123.46,123.93,124.14,124.73,125.22,124.74,124.82,125.17,125.53,125.34,125.68,125.63,126.23,126.41,126.21,126.81,126.08,126.03,126.56,127.33,127.09,127.04,126.74,127.13,127.92,128.73
KAB NGADA,-,-,-,-,-,-,-,-,-,-,-,-,-,-,-,-,-,-,-,-,-,-,-,-,-,-,-,-,-,-,-,-,-,-,-,-,-,-,-,-,-,-,-,-,-,-,-,-,-,-,-,-,-,-,-,-,-,-,-,-
KOTA KUPANG,120.81,119.17,119.47,119.69,120.29,121.09,122.33,121.21,121.54,121.99,122.87,126.15,127.14,126.6,125.64,125.75,126.63,127.42,126.97,125.87,125.41,125.63,126.59,129.07,130.09,130.32,129.19,129.57,129.49,130.2,129.91,129.12,129.55,128.9,129.96,131.71,133.1,132.77,132.02,132.04,133.05,134.11,133.85,133.19,132.09,132.03,133.18,135.96,136.34,135.44,135.09,135.88,136.27,135.85,136.21,135.76,135.04,135.15,135.52,136.64
DILI,-,-,-,-,-,-,-,-,-,-,-,-,-,-,-,-,-,-,-,-,-,-,-,-,-,-,-,-,-,-,-,-,-,-,-,-,-,-,-,-,-,-,-,-,-,-,-,-,-,-,-,-,-,-,-,-,-,-,-,-
KAB KETAPANG,-,-,-,-,-,-,-,-,-,-,-,-,-,-,-,-,-,-,-,-,-,-,-,-,-,-,-,-,-,-,-,-,-,-,-,-,-,-,-,-,-,-,-,-,-,-,-,-,-,-,-,-,-,-,-,-,-,-,-,-
SINTANG,-,-,-,-,-,-,-,-,-,-,-,-,-,-,-,-,-,-,-,-,-,-,-,-,-,-,-,-,-,-,-,-,-,-,-,-,-,-,-,-,-,-,-,-,-,-,-,-,-,-,-,-,-,-,-,-,-,-,-,-
KAB KAYONG UTARA,-,-,-,-,-,-,-,-,-,-,-,-,-,-,-,-,-,-,-,-,-,-,-,-,-,-,-,-,-,-,-,-,-,-,-,-,-,-,-,-,-,-,-,-,-,-,-,-,-,-,-,-,-,-,-,-,-,-,-,-
KOTA PONTIANAK,123.67,124.2,124.43,125.11,125.85,126.65,129.89,128.59,128.79,128.7,128.52,129.76,130.23,130.66,130.56,129.89,132.06,133.66,134.82,135.37,133.94,133.46,133.56,134.8,137.25,137.74,137.38,137.77,138.18,139.95,139.61,139.8,140.14,139.66,139.31,140,140.4,140.77,141.67,141.89,142.4,144.45,145.08,144.15,143.76,143.34,143.74,145.58,146.38,147.15,146.87,147.18,148,148.97,148.82,148.3,148.71,148.93,148.83,149.42
KOTA SINGKAWANG,118.73,118.96,119.16,119.25,119.28,119.35,120.89,120.88,121.37,120.83,120.79,122.38,122.54,122.86,122.89,122.66,123.16,123.95,124.91,125.89,124.95,124.45,124.51,125.54,127.75,127.99,127.83,128.13,128.56,129.89,130.07,130.31,131.24,131.46,130.99,132.11,133.84,133.95,134.21,134.32,134.64,135.95,137.1,137.15,137.13,136.2,135.73,136.31,137.93,138.6,137.77,138.08,139.33,139.43,139.61,139.24,139.06,138.39,137.8,137.78
SAMPIT,117.94,117.11,117.43,118.04,118.56,119.64,120.71,121.22,121.27,121.68,122.3,123.94,124.81,124.26,123.84,123.27,123.79,124.59,125.2,125.9,125.32,124.53,125.36,126.99,128.14,128.49,129.67,129.83,129.86,130.88,131.62,130.19,129.82,129.99,130.37,131.17,132.08,132.27,132.68,133.51,134.45,136.9,136.82,137.19,137.05,137.26,137.04,139.06,139.53,138.62,138.61,139.52,140.93,141.16,140.79,140.58,140.21,140.51,140.88,141.87
KAB KAPUAS,-,-,-,-,-,-,-,-,-,-,-,-,-,-,-,-,-,-,-,-,-,-,-,-,-,-,-,-,-,-,-,-,-,-,-,-,-,-,-,-,-,-,-,-,-,-,-,-,-,-,-,-,-,-,-,-,-,-,-,-
KAB SUKAMARA,-,-,-,-,-,-,-,-,-,-,-,-,-,-,-,-,-,-,-,-,-,-,-,-,-,-,-,-,-,-,-,-,-,-,-,-,-,-,-,-,-,-,-,-,-,-,-,-,-,-,-,-,-,-,-,-,-,-,-,-
KOTA PALANGKA RAYA,117.08,116.26,115.97,116.06,117.28,118.41,119.52,118.72,118.32,118.97,119.98,121.04,121.24,120.74,120.69,120.34,120.37,121.46,121.7,121.84,121.98,121.57,121.79,123.35,124.4,124.74,125.23,125.49,126.15,127.44,126.94,127.09,126.78,126.2,126.34,127.19,127.59,127.64,128.11,128.48,128.81,130.28,130.33,130.16,130.19,130.46,130.48,131.87,132.48,132.6,132.56,132.98,133.71,133.87,133.55,133.05,133.11,133.96,134.58,135.43
KAB TANAH LAUT,-,-,-,-,-,-,-,-,-,-,-,-,-,-,-,-,-,-,-,-,-,-,-,-,-,-,-,-,-,-,-,-,-,-,-,-,-,-,-,-,-,-,-,-,-,-,-,-,-,-,-,-,-,-,-,-,-,-,-,-
KOTABARU,-,-,-,-,-,-,-,-,-,-,-,-,-,-,-,-,-,-,-,-,-,-,-,-,-,-,-,-,-,-,-,-,-,-,-,-,-,-,-,-,-,-,-,-,-,-,-,-,-,-,-,-,-,-,-,-,-,-,-,-
KAB HULU SUNGAI TENGAH,-,-,-,-,-,-,-,-,-,-,-,-,-,-,-,-,-,-,-,-,-,-,-,-,-,-,-,-,-,-,-,-,-,-,-,-,-,-,-,-,-,-,-,-,-,-,-,-,-,-,-,-,-,-,-,-,-,-,-,-
TANJUNG,117.46,116.49,116.93,117.4,118.38,118.79,119.84,120.8,121.93,122.78,123.65,124.75,124.51,124.16,124.37,124.17,123.93,125.13,126.48,125.81,125.24,123.89,126.18,127.47,128.45,128.86,129.13,128.29,128.05,129.75,130.11,129.73,128.92,127.96,128.5,130.53,131.04,130.83,131.92,132.73,133.2,133.66,134.91,133.44,133.06,133.32,133.02,133.92,134.93,134.03,134.13,134.76,136.08,135.95,136.2,135.19,134.37,135.42,136.73,136.8
KOTA BANJARMASIN,116.15,116.22,115.82,116.26,116.62,117.55,118.89,118.96,119.59,119.78,120.27,121.8,122.4,122.62,122.79,122.84,123.21,124.51,125.21,125.3,125.44,125.11,125.25,126.28,127.47,127.73,127.74,128.16,128.58,129.78,130.4,130.44,130.58,130.06,130.13,131.11,131.49,131.3,131.72,131.82,132.01,133.31,133.15,133.3,133.24,133.37,133.63,134.56,135.66,135.56,135.92,137.24,138.47,138.87,138.75,138.87,138.95,139.11,139.35,140.15
KAB BERAU,-,-,-,-,-,-,-,-,-,-,-,-,-,-,-,-,-,-,-,-,-,-,-,-,-,-,-,-,-,-,-,-,-,-,-,-,-,-,-,-,-,-,-,-,-,-,-,-,-,-,-,-,-,-,-,-,-,-,-,-
KAB PENAJAM PASER UTARA,-,-,-,-,-,-,-,-,-,-,-,-,-,-,-,-,-,-,-,-,-,-,-,-,-,-,-,-,-,-,-,-,-,-,-,-,-,-,-,-,-,-,-,-,-,-,-,-,-,-,-,-,-,-,-,-,-,-,-,-
KOTA BALIKPAPAN,120.93,121.8,120.93,120.54,121.45,122.94,125.45,125.16,125,126.09,125.41,126.36,126.09,126.72,126.67,126.16,126.33,128.53,129.85,129.61,129.88,129.79,129.94,131.58,133,132.65,132.61,132.51,132.94,134.78,134.08,133.25,133.51,133.21,132.94,134.81,135.06,135.21,135.58,135.98,136.45,138.22,139.64,139.61,138.77,137.83,137.85,139.03,139.72,140,139.61,139.96,141.01,142.36,142.24,141.5,141.46,140.49,140.69,141.64
KOTA SAMARINDA,120.9,120.7,120.41,120.7,120.86,121.83,123.08,123.21,123.14,123.36,123.68,125.29,125.92,125.98,126.54,126.16,126.22,126.99,127.25,127.74,127.49,127.36,127.72,128.83,130.14,130.31,130.68,131.06,131.56,132.45,133.25,133.21,132.99,132.77,132.61,133.58,134.15,134.57,134.41,134.81,135.32,135.94,137.07,137.46,137.45,137.78,137.61,138.02,138.85,138.6,138.45,138.54,139.12,139.33,140.15,140.25,139.6,139.43,139.8,140.07
TANJUNG SELOR,-,-,-,-,-,-,-,-,-,-,-,-,-,-,-,-,-,-,-,-,-,-,-,-,-,-,-,-,-,-,-,-,-,-,-,-,-,-,-,-,-,-,-,-,-,-,-,-,-,-,-,-,-,-,-,-,-,-,-,-
KAB NUNUKAN,-,-,-,-,-,-,-,-,-,-,-,-,-,-,-,-,-,-,-,-,-,-,-,-,-,-,-,-,-,-,-,-,-,-,-,-,-,-,-,-,-,-,-,-,-,-,-,-,-,-,-,-,-,-,-,-,-,-,-,-
KOTA TARAKAN,127.07,126.44,126.43,126.7,127.26,127.99,129.78,129.58,129.21,129.64,129.7,130.96,132.04,132.27,132.39,132.98,133.74,135.87,136.28,135.7,135.1,135.52,136.04,136.6,137.54,137.59,138.14,138.51,139.21,141.84,141.45,140.32,139.98,139.42,139.17,140.38,141.07,141.19,141.15,141.56,142.27,146.13,144.09,144.99,143.93,143.98,145.08,147.4,148.82,148.78,147.84,148.72,149.86,150.66,149.7,148.32,147.47,147.03,147.95,149.56
KAB MINAHASA SELATAN,-,-,-,-,-,-,-,-,-,-,-,-,-,-,-,-,-,-,-,-,-,-,-,-,-,-,-,-,-,-,-,-,-,-,-,-,-,-,-,-,-,-,-,-,-,-,-,-,-,-,-,-,-,-,-,-,-,-,-,-
KAB MINAHASA UTARA,-,-,-,-,-,-,-,-,-,-,-,-,-,-,-,-,-,-,-,-,-,-,-,-,-,-,-,-,-,-,-,-,-,-,-,-,-,-,-,-,-,-,-,-,-,-,-,-,-,-,-,-,-,-,-,-,-,-,-,-
KOTA MANADO,117.77,117.54,118.13,118.2,119.32,119.91,121.15,120.51,121.26,123.07,123.06,125.2,124.98,123.96,123.92,122.84,123.01,124.31,125.35,124.87,124.02,124.03,127.58,125.64,127.02,128.49,128.79,128.77,127.31,128.77,129.88,129.61,128.26,128.18,128.06,128.71,129.34,130.06,130.23,131.65,132.37,133.23,132.32,131.16,130.12,130.22,132.61,133.64,135.09,134.36,133.43,131.74,135.16,140.02,138.32,136.25,134.84,136.49,140.99,138.34
KOTA KOTAMOBAGU,-,-,-,-,-,-,-,-,-,-,-,-,-,-,-,-,-,-,-,-,-,-,-,-,-,-,-,-,-,-,-,-,-,-,-,-,-,-,-,-,-,-,-,-,-,-,-,-,-,-,-,-,-,-,-,-,-,-,-,-
LUWUK,-,-,-,-,-,-,-,-,-,-,-,-,-,-,-,-,-,-,-,-,-,-,-,-,-,-,-,-,-,-,-,-,-,-,-,-,-,-,-,-,-,-,-,-,-,-,-,-,-,-,-,-,-,-,-,-,-,-,-,-
KAB MOROWALI,-,-,-,-,-,-,-,-,-,-,-,-,-,-,-,-,-,-,-,-,-,-,-,-,-,-,-,-,-,-,-,-,-,-,-,-,-,-,-,-,-,-,-,-,-,-,-,-,-,-,-,-,-,-,-,-,-,-,-,-
KAB TOLI TOLI,-,-,-,-,-,-,-,-,-,-,-,-,-,-,-,-,-,-,-,-,-,-,-,-,-,-,-,-,-,-,-,-,-,-,-,-,-,-,-,-,-,-,-,-,-,-,-,-,-,-,-,-,-,-,-,-,-,-,-,-
KOTA PALU,120.35,118.14,117.34,117.78,120.42,120.46,122.05,121.14,121.29,122.24,122.81,125.22,124.71,123.95,124.42,123.76,124.75,125.53,126.02,125.5,126.24,125.04,125.65,127.09,128.77,129.14,129.46,130.06,131.11,132.1,132.16,132.23,132.06,130.33,130.15,132.59,133.5,133.08,132.97,133.98,134.33,136.87,137.14,137.06,135.39,138.46,139.61,141.15,141.45,141.04,140.4,141.41,142.78,144.15,143.17,143.62,143.12,142.83,143.21,144.4
BULUKUMBA,125.47,124.24,124.49,124.42,124.77,125.55,126.7,127.23,127.95,126.63,126.69,128.34,128.93,127.58,127.18,126.65,127.02,128.21,128.32,128.25,129.02,129.09,129.85,130.24,131.53,132.55,132.34,133.18,133.21,134.85,135.86,136.39,136.31,135.64,135.9,136.31,138.1,138.73,138.72,139.26,139.81,140.64,141.36,141.19,140.66,140.41,140.99,141.56,142.84,142.53,142.3,142.77,144.05,144.16,144.06,144.46,144.39,144.36,144.49,144.75
WATAMPONE,115.86,115.07,116.02,115.57,115.73,116.35,116.92,117.05,117.7,117.68,117.93,118.49,119.08,118.22,118.27,118.06,118.39,119.46,119.81,119.72,120.08,119.58,119.98,120.27,122.1,123.07,122.81,123.52,123.8,126.06,126.53,126.91,126.73,126.09,126.14,126.93,128.55,129.05,128.87,129.1,130.05,131.76,132.93,132.9,132.24,132.27,132.6,132.88,133,132.2,131.83,132.35,133.31,134.2,133.99,134.96,134.97,134.69,135.04,135.06
KAB WAJO,-,-,-,-,-,-,-,-,-,-,-,-,-,-,-,-,-,-,-,-,-,-,-,-,-,-,-,-,-,-,-,-,-,-,-,-,-,-,-,-,-,-,-,-,-,-,-,-,-,-,-,-,-,-,-,-,-,-,-,-
KAB SIDENRENG RAPPANG,-,-,-,-,-,-,-,-,-,-,-,-,-,-,-,-,-,-,-,-,-,-,-,-,-,-,-,-,-,-,-,-,-,-,-,-,-,-,-,-,-,-,-,-,-,-,-,-,-,-,-,-,-,-,-,-,-,-,-,-
KAB LUWU TIMUR,-,-,-,-,-,-,-,-,-,-,-,-,-,-,-,-,-,-,-,-,-,-,-,-,-,-,-,-,-,-,-,-,-,-,-,-,-,-,-,-,-,-,-,-,-,-,-,-,-,-,-,-,-,-,-,-,-,-,-,-
KOTA MAKASSAR,116.43,116.21,116.94,117.38,117.79,118.67,120.2,120.73,121.42,121.38,121.69,122.54,124.21,124.19,124.4,123.91,123.79,124.16,125.56,124.99,125.5,125.53,126.07,126.44,127.88,128.89,128.69,129.12,128.71,129.79,131.15,130.71,130.61,130.24,130.67,132.1,132.99,133.25,133.28,133.55,133.99,135.21,135.86,135.72,134.56,135.03,135.44,136.7,137.44,137.29,137.68,138.3,139.31,139.38,139.39,139.94,139.77,139.91,139.96,140.02
KOTA PARE-PARE,117.25,116.54,115.36,115.88,116.17,116.96,118.37,118.47,118.67,118.34,118.69,119.57,120.9,120.86,119.77,119.14,119.91,120.53,122.11,121.13,120.52,120.78,121.45,122.09,123.23,123.4,122.84,122.9,122.97,124.6,125.74,125.32,125.44,124.69,124.89,126.28,128.02,128.09,126.87,126.44,127.24,128.08,129.39,129.45,127.39,127.65,127.53,128.76,130.23,129.22,129.41,129.45,131.21,132.6,131.97,132.02,130.9,130.94,132.04,131.91
KOTA PALOPO,116.18,115.98,116.4,116.9,116.98,117.88,118.76,118.79,119.35,119.29,119.82,120.48,121.22,121.3,121.6,121.15,120.68,122.65,123.48,122.96,123.02,122.78,123.45,123.78,124.79,125.87,125.56,125.83,125.66,127.41,127.47,127.53,127.48,127.47,127.49,128.67,130.28,131.04,130.86,131.28,131.53,133.43,134.39,134,133.08,132.79,133.15,134.06,134.11,133.92,133.99,134.66,135.39,136.56,136.38,136.35,136.36,136.35,136.55,136.62
KAB KONAWE,-,-,-,-,-,-,-,-,-,-,-,-,-,-,-,-,-,-,-,-,-,-,-,-,-,-,-,-,-,-,-,-,-,-,-,-,-,-,-,-,-,-,-,-,-,-,-,-,-,-,-,-,-,-,-,-,-,-,-,-
KAB KOLAKA,-,-,-,-,-,-,-,-,-,-,-,-,-,-,-,-,-,-,-,-,-,-,-,-,-,-,-,-,-,-,-,-,-,-,-,-,-,-,-,-,-,-,-,-,-,-,-,-,-,-,-,-,-,-,-,-,-,-,-,-
KOTA KENDARI,115.05,114,114.65,114.62,115.35,115.67,116.54,117.29,118,117.58,117.46,118.06,119.82,119.9,120.18,119.43,119.61,120.72,121.65,121.66,121.65,121.79,121.52,121.68,122.75,123.35,123.06,122.9,123.74,128.17,128.76,126.86,125.89,124.87,124.44,125.28,126.02,126.08,125.98,125.78,126.99,129.54,130.4,128.72,128.03,128.23,128.59,128.48,129.32,129.36,129.05,129.65,131.98,135.35,135.03,132.92,133.55,132.76,132.28,132.62
KOTA BAU-BAU,122.28,121.87,121.39,122.26,122.49,123.88,125.38,124.77,124.87,123.6,125.17,126.7,128.24,126.99,126.94,126,127.82,128.2,130.17,129.23,129.58,130.13,128.12,128.87,129.45,129.26,129.29,128.42,128.64,131.62,134.83,132.46,132.65,131.22,131.76,132.74,133.67,133.91,132.42,132.24,133.96,136.56,138.2,134.76,133.46,133.88,134.44,136.61,137.45,136.59,136.45,136.83,137.04,137.69,139.31,136.38,136.24,136.01,137.19,138.45
KAB GORONTALO,-,-,-,-,-,-,-,-,-,-,-,-,-,-,-,-,-,-,-,-,-,-,-,-,-,-,-,-,-,-,-,-,-,-,-,-,-,-,-,-,-,-,-,-,-,-,-,-,-,-,-,-,-,-,-,-,-,-,-,-
KOTA GORONTALO,113.8,113.11,113.96,114.13,115.16,115.98,116.84,117.52,117.72,117.78,117.99,120.22,119.52,120.32,120.5,120.11,120.42,121.65,121.72,121.47,120.98,120.47,121.21,121.78,123.34,123.74,123.79,123.64,123.88,126.14,127.44,126.2,126.32,125.87,126.08,127.07,127.93,126.86,127.29,127.14,128.03,128.51,128.69,128.66,128.58,128.77,129.06,129.8,130.04,129.16,129.28,129.92,132.05,132.45,132.42,133.36,132.91,132.94,133.25,133.53
KAB MAJENE,-,-,-,-,-,-,-,-,-,-,-,-,-,-,-,-,-,-,-,-,-,-,-,-,-,-,-,-,-,-,-,-,-,-,-,-,-,-,-,-,-,-,-,-,-,-,-,-,-,-,-,-,-,-,-,-,-,-,-,-
MAMUJU,117.01,115.69,116.2,116.31,117.53,118.65,119.82,119.58,119.84,119.99,120.73,122.78,122.71,122.25,122.23,122.12,122.28,123.74,124.53,123.55,123.94,123.73,124.3,125.52,126.26,127.61,127.24,127.31,127.66,128.92,129,129.54,129.55,128.93,129.51,130.28,130.93,131.27,130.57,130.88,131.23,132.37,132.55,132.48,132.08,132.1,132.01,132.62,132.55,132.06,131.82,132.05,132.87,133.08,133.21,133.78,133.09,133.28,133.59,134.52
KAB MALUKU TENGAH,-,-,-,-,-,-,-,-,-,-,-,-,-,-,-,-,-,-,-,-,-,-,-,-,-,-,-,-,-,-,-,-,-,-,-,-,-,-,-,-,-,-,-,-,-,-,-,-,-,-,-,-,-,-,-,-,-,-,-,-
KOTA AMBON,117.77,118.98,119.5,119.9,121.17,120.87,122.11,119.95,120.41,121.64,121.1,121.85,122.19,122.41,121.97,120.67,122.65,122.93,123.54,124.07,123.93,124.59,125.19,125.85,126.2,125.26,126.67,125.71,125.96,129.63,130.75,128.03,127.74,126.11,125.37,125.79,126.58,127.43,127.25,126.57,128.07,129.27,127.4,127.59,127.02,127.59,128.68,130.23,130.85,131.04,132.17,131.96,133.89,134.45,134.41,134.17,134.1,134.47,133.35,132.91
KOTA TUAL,126.58,130.63,130.83,132.54,134.65,133.57,133.99,135.55,133.64,131.59,132.94,136.09,136.49,134.68,135.79,136.09,135.28,137.6,138.51,138.13,137.15,138.16,137.79,140.13,140.27,141.72,142.83,143.06,144.44,150.91,154.37,151.21,153.62,155.24,150.99,153.31,153.54,154.04,150.5,147.1,149.87,153.19,154.11,152.09,152.3,153.38,154.98,155.79,154.44,159.05,154.23,154.51,159,160.83,158.34,158.88,159.92,159.94,159.2,159.44
KAB HALMAHERA TENGAH,-,-,-,-,-,-,-,-,-,-,-,-,-,-,-,-,-,-,-,-,-,-,-,-,-,-,-,-,-,-,-,-,-,-,-,-,-,-,-,-,-,-,-,-,-,-,-,-,-,-,-,-,-,-,-,-,-,-,-,-
KOTA TERNATE,121.63,120.62,121.04,121.79,122.58,123.67,124.78,126.73,124.73,125.87,125.9,127.83,128.5,127.28,127.64,127.71,128.08,128.46,129.79,129.66,129.78,129.51,129.85,130.27,131.09,131.13,130.72,131.19,131.45,133.49,134.56,132.53,131.86,132.55,131.15,132.84,133.71,134.19,135.01,135.84,136.38,138.71,137.09,136.71,136.7,136.87,137.23,138.31,139.36,139.03,138.99,139.46,140.29,140.98,140.81,141.42,140.31,140.32,140.91,141.11
MANOKWARI,112.46,112.5,113.44,112.66,112.71,113.99,115.16,113.22,113.65,113.16,113.41,115.7,116.07,115.94,116.09,115.89,116.63,118.7,120.08,121.6,120.79,119.8,120.92,122.35,122.46,121.76,121.82,121.47,122.2,124.32,124.94,123.32,124.67,124.22,124.2,124.53,125.65,124.46,124.54,124.98,126.27,127.15,127.86,127.98,127.86,129.23,130.24,132.03,133.39,133.28,133.39,132.65,135.63,136.14,135.37,136.46,135.76,136.96,137.37,138.31
KAB SORONG,-,-,-,-,-,-,-,-,-,-,-,-,-,-,-,-,-,-,-,-,-,-,-,-,-,-,-,-,-,-,-,-,-,-,-,-,-,-,-,-,-,-,-,-,-,-,-,-,-,-,-,-,-,-,-,-,-,-,-,-
KAB SORONG SELATAN,-,-,-,-,-,-,-,-,-,-,-,-,-,-,-,-,-,-,-,-,-,-,-,-,-,-,-,-,-,-,-,-,-,-,-,-,-,-,-,-,-,-,-,-,-,-,-,-,-,-,-,-,-,-,-,-,-,-,-,-
KOTA SORONG,116.24,116.54,116.85,117.24,117.46,119.69,122.09,123.04,123.3,123.04,122.13,123.2,124.57,124.69,124.52,123.97,122.83,124.35,125.78,127.38,127.35,125.95,126.27,126.84,127.93,128.1,128.59,128.26,127.61,128.92,129.6,129.08,128.93,128.54,128.3,128.53,129.17,129.8,130.31,131.3,132.01,133.8,135.77,136.46,134.91,134.67,135.09,134.89,135.47,134.37,133.34,133.52,135.35,135.64,136.49,136.75,137.06,136.53,135.35,136.25
KOTA JAYAPURA,119.69,119.64,120.49,120.38,120.46,121.42,122.04,121.29,121.71,121.65,121.78,123.55,124.49,124.7,125.08,124.68,125.55,127.78,126.38,126.15,126.84,126.72,126.43,128.65,128.81,127.82,129.03,129.97,129.75,131.07,129.59,129.87,129.04,128.92,128.81,131.75,130.28,131.65,134.42,134.35,135.41,136.86,136.92,135.69,136.3,136.79,138.34,140.58,140.95,140.91,141.27,140.9,142.49,142.37,141.78,141.58,139.79,139.3,140.49,141.42
MERAUKE,126.04,124.87,123.59,123.73,123.95,123.24,122.44,121.58,123.2,124.45,127.38,131.04,132.51,128.6,128.07,127.22,128.16,129.63,129.51,130.41,130.76,130.73,131.81,132.12,133.47,134.01,135.67,135.1,135.41,135.57,133.53,132.36,131.51,132.13,132.49,133.77,134.91,136.12,136.27,138.07,139.18,139.93,139.39,138.65,137.34,136.7,139.5,141.02,141,138.03,138.46,140.12,139.44,139.74,139.05,138.8,137.43,137.25,138.91,140.11
TIMIKA,-,-,-,-,-,-,-,-,-,-,-,-,-,-,-,-,-,-,-,-,-,-,-,-,-,-,-,-,-,-,-,-,-,-,-,-,-,-,-,-,-,-,-,-,-,-,-,-,-,-,-,-,-,-,-,-,-,-,-,-
KAB NABIRE,-,-,-,-,-,-,-,-,-,-,-,-,-,-,-,-,-,-,-,-,-,-,-,-,-,-,-,-,-,-,-,-,-,-,-,-,-,-,-,-,-,-,-,-,-,-,-,-,-,-,-,-,-,-,-,-,-,-,-,-
KAB JAYAWIJAYA,-,-,-,-,-,-,-,-,-,-,-,-,-,-,-,-,-,-,-,-,-,-,-,-,-,-,-,-,-,-,-,-,-,-,-,-,-,-,-,-,-,-,-,-,-,-,-,-,-,-,-,-,-,-,-,-,-,-,-,-
INDONESIA,118.71,118.28,118.48,118.91,119.5,120.14,121.26,121.73,121.67,121.57,121.82,122.99,123.62,123.51,123.75,123.19,123.48,124.29,125.15,125.13,125.41,125.59,126.18,126.71,127.94,128.24,128.22,128.33,128.83,129.72,130,129.91,130.08,130.09,130.35,131.28,132.1,132.32,132.58,132.71,132.99,133.77,134.14,134.07,133.83,134.2,134.56,135.39,135.83,135.72,135.87,136.47,137.4,138.16,138.59,138.75,138.37,138.4,138.6,139.07