Daerah,01/2020,02/2020,03/2020,04/2020,05/2020,06/2020,07/2020,08/2020,09/2020,10/2020,11/2020,12/2020,01/2021,02/2021,03/2021,04/2021,05/2021,06/2021,07/2021,08/2021,09/2021,10/2021,11/2021,12/2021,01/2022,02/2022,03/2022,04/2022,05/2022,06/2022,07/2022,08/2022,09/2022,10/2022,11/2022,12/2022,01/2023,02/2023,03/2023,04/2023,05/2023,06/2023,07/2023,08/2023,09/2023,10/2023,11/2023,12/2023
KOTA MEULABOH,106.2,106.09,106.64,106.41,106.89,106.69,106.59,107.53,107.69,108.03,108.02,109.12,110.03,108.99,108.37,108.95,109.81,109.74,109.96,109.93,109.28,109.96,110.49,111.38,112.44,111.46,112.23,113.6,115.03,116.56,117.86,117.47,118.04,118.27,117.54,118.69,119.59,120.06,119.27,118.44,119.13,119.69,119.95,120.02,120.56,120.92,121.19,120.38
KOTA BANDA ACEH,103.17,103.73,104.36,104.28,104.6,104.41,104.06,104.52,104.19,104.84,105.04,105.93,106.75,106.15,105.67,106.23,106.41,106.36,106.21,106.49,106.35,106.75,107.68,108.48,109.58,109.21,109.85,111.2,112.22,113.07,114.18,113.81,114.7,114.14,114.26,114.99,115.69,116.35,115.69,115.9,116.05,116.12,116.47,116.15,116.31,116.02,116.46,116.75
KOTA LHOKSEUMAWE,103.04,103.54,104.2,103.9,103.95,103.88,103.52,103.83,104.08,104.95,105.27,106.61,107.46,106.71,106.61,107.06,107.26,107.18,107.11,106.88,106.71,107.19,108.07,108.71,109.93,108.84,109.77,111.14,112.28,112.79,113.32,112.21,113.22,113.26,112.85,114.55,115.41,116,115.64,115.15,115.74,115.82,115.77,115.8,116.11,115.98,116.2,116.34
KOTA SIBOLGA,103.87,104.59,103.76,103.07,103.25,103.38,103.06,103.05,103.35,104.43,104.79,106.17,106.96,106.23,105.92,106.29,105.97,106.3,106.96,107.01,107.35,107.47,107.97,108.15,109.81,109.58,110.6,111.02,111.96,113.21,114.42,114.4,114.78,113.53,113.47,115.1,116.78,117.15,116.38,116.69,116.88,117.6,118.01,118.16,118.68,118.45,118.22,118.32
KOTA PEMATANG SIANTAR,103.33,103.45,103.33,102.92,103.3,103.17,102.39,102.59,102.89,103.36,104.02,105.55,106.76,106.27,106.03,106.08,106.17,106.41,106.38,106.31,106.64,106.26,106.88,107.79,108.83,109.03,109.87,110.3,110.98,112.49,112.53,111.64,113.32,112.71,112.62,114.43,115.55,115.5,115.15,114.86,115.38,115.98,116.1,115.97,116.15,115.98,116.41,117.06
KOTA MEDAN,102.95,103.09,102.89,102.6,103.03,102.94,102.72,102.76,102.71,103.17,103.48,104.15,104.55,104.21,104.18,104.22,104.47,104.5,104.82,104.71,105.03,104.98,105.46,105.92,107.02,106.72,107.45,107.91,108.73,110.24,110.54,110.26,111.34,110.82,110.68,112.38,113.35,112.92,112.58,112.36,112.63,112.96,113.28,113.21,113.64,113.59,114.15,114.84
KOTA PADANGSIDIMPUAN,104.02,104.01,104.56,104.6,105.4,105.38,105.12,105.19,105.06,105.61,106.02,107.08,107.49,107.19,106.58,107.23,107.56,107.28,107.47,107.72,107.77,107.83,108.3,108.68,109.66,110.07,111.29,112.16,113.02,114.48,115.15,114.79,115.93,115.22,114.91,115.64,116.98,117.47,117.27,117.22,117.79,118.04,118.58,118.42,119,118.79,118.8,119.05
KOTA GUNUNGSITOLI,103.74,102.98,103.42,102.69,103.07,103.3,103.29,103.92,104.96,105.71,105.87,107.85,109.02,107.33,106.75,107.38,107.07,106.77,107.33,107.22,107.08,107,107.76,108.43,109.44,109.91,110.34,110.58,110.63,113.64,115.7,114.05,114.75,113.05,112.63,114.65,116.79,115.65,114.6,114.12,114.55,114.79,116.28,116.43,116.87,116.31,117.11,117.35
KOTA PADANG,103.86,103.56,103.54,103.05,103.73,103.56,103.45,103.54,103.49,104.1,104.64,105.38,105.49,105.05,105.39,105.34,105.54,105.37,105.27,105.16,105.2,105.57,106.31,106.82,107.92,108.02,108.8,109.45,110.96,112.25,113.77,112.67,114.18,113.93,113.59,114.7,115.22,115.37,115.26,115.23,115.69,115.65,116.22,116.3,116.38,116.52,117.22,117.62
KOTA BUKITTINGGI,102.99,103.46,103.53,103.59,103.99,103.85,103.44,103.26,103.25,104.02,104.41,104.82,105.13,105.01,105.34,105.54,105.81,105.53,105.5,105.22,105.78,106.21,106.63,106.59,107.6,107.5,108.77,109.97,111.68,113.11,113.38,112.35,114.45,114.16,114.11,114.86,115.31,115.42,115.38,115.45,115.66,115.76,116.18,116.08,116.85,116.78,117.18,117.02
TEMBILAHAN,103.3,103.62,103.58,104.03,104.68,105.86,105.07,105.06,104.83,105.37,105.9,106.26,106.58,106.47,106.4,106.81,106.82,106.48,106.38,105.93,106.36,106.76,107.11,107.42,108.89,108.04,109.32,109.92,110.96,111.84,112.86,111.1,112.09,111.31,111.54,112.6,113.19,113.34,113.13,113.6,113.75,113.78,114.24,113.62,113.72,113.58,114.19,114.32
KOTA PEKANBARU,103.01,103.39,103.4,103.05,103.5,103.56,103.35,103.43,103.44,104.05,104.37,104.9,105.39,105.04,105.2,105.31,105.27,105.28,105.61,105.54,105.74,106.05,106.46,106.53,107.29,107.75,108.75,109.37,110.17,112.37,113.36,111.95,113.7,112.88,112.99,114.03,114.75,114.97,114.77,114.76,114.78,115.01,115.43,115.38,115.77,115.81,116.63,116.88
KOTA DUMAI,103.52,103.74,103.69,103.49,104.47,104.59,104.32,104.27,104.25,104.71,105.1,105.94,106.37,105.97,105.93,106.18,106.87,106.89,107.13,106.85,106.96,107.45,107.84,107.7,108.43,108.02,108.73,109.54,111.19,112.93,113.57,112.38,114.14,113.47,113.66,114.66,115.62,115.55,115.53,115.34,115.65,115.98,116.82,116.69,117.3,116.95,117.88,117.85
BUNGO,104.3,104.68,104.09,103.79,104.3,104.55,104.19,104.25,104.27,104.89,105.35,105.94,106.47,105.98,106.35,106.07,106.29,105.88,106.09,105.88,105.75,106.57,107.21,107.69,109.19,108.77,109.97,111.34,112.35,113.96,115.16,113.5,114.75,113.44,113.42,114.19,115.07,115.25,115.11,115.42,115.59,115.73,116.08,115.69,116.09,116.14,117.08,117.44
KOTA JAMBI,103.89,104.67,103.99,103.3,103.6,103.96,103.91,103.94,104.07,104.87,105.47,106.23,106.95,106.45,106.8,106.43,106.85,106.64,106.42,105.95,106.27,106.96,107.48,108,109.22,108.29,109.75,111.43,112.3,114.04,115.52,114.18,114.81,114.63,114,114.9,115.94,115.69,115.5,115.66,116.25,116.33,116.9,116.37,116.85,117.43,118.36,118.66
KOTA PALEMBANG,103.71,103.98,104.02,103.89,104.03,104.23,103.94,103.58,103.53,103.7,104.02,104.62,105.07,104.99,105.17,105.52,105.5,105.49,105.43,105.39,105.44,105.51,106.1,106.55,107.55,107.54,108.29,109.33,110.22,111.21,112.06,111.11,112.53,112.42,112.36,112.89,113.29,113.39,113.63,114.01,113.95,114.4,114.73,114.68,115.11,115.72,116.36,116.53
KOTA LUBUKLINGGAU,103.43,103.83,103.9,103.45,103.86,104.18,103.99,103.88,103.92,104.31,104.67,105.08,105.4,105.29,105.26,105.6,105.96,105.88,105.76,105.54,105.78,106.11,106.42,106.79,107.68,107.63,108.34,109.29,110.36,111.3,112.06,111.5,112.66,112.46,112.36,113.02,113.4,113.44,113.56,113.96,114.11,114.39,114.74,114.69,115.08,115.3,115.68,115.97
KOTA BENGKULU,103.56,103.65,103.63,103.27,103.69,103.73,103.49,103.72,103.8,103.82,104.18,104.33,104.74,104.89,105.13,105.24,105.36,105.69,105.56,105.73,105.91,105.89,106.44,106.85,107.43,107.32,108.11,109.68,110.26,110.92,111.93,111.66,113.02,112.86,112.92,113.18,113.88,113.92,114.22,114.54,114.74,114.98,115.54,115.46,115.73,116.05,116.4,116.68
KOTA BANDAR LAMPUNG,105.25,105.71,105.25,105.08,104.78,104.81,105.16,105.59,105.32,105.56,105.65,106.36,107.21,107.34,107.14,106.95,107.05,107.26,107.41,106.84,106.92,107,107.57,108.63,109.04,108.6,109.61,110.5,111.14,112.5,113.34,112.95,114.48,113.91,113.92,114.63,115.57,115.76,115.84,116.19,116.06,116.26,116.29,116.69,117.08,117.41,118.64,118.66
KOTA METRO,104.88,105.08,105.36,105.12,104.75,105.02,105.14,105.2,105.3,105.35,105.77,106.31,106.87,107.18,106.83,106.68,107.36,107.43,107.71,107.41,107.29,107.63,108.15,109.22,109.82,109.6,110.54,111.9,112.62,113.82,114.48,113.4,114.54,114.31,114.37,115.09,115.97,116.16,115.9,116.25,116.54,116.55,116.83,116.75,117.14,117.66,118.64,118.6
TANJUNG PANDAN,104.92,103.66,103.53,103.33,104.57,104.85,105.12,104.42,104.63,105.1,105.07,106.64,107.74,108.04,107.85,107.83,108.39,108.78,109.02,109.32,109.74,109.26,109.67,110.92,111.52,109.2,110.61,113.46,116,115.97,117.27,115.34,115.8,114.64,113.91,115.54,117.52,117.21,118.03,118.25,119.76,119.72,120.42,119.94,121.63,120.87,120.62,119.93
KOTA PANGKAL PINANG,104.04,103.33,103.26,102.31,102.83,103.04,103.1,102.47,102.52,102.19,102.71,103.44,104.65,104.3,104.18,104.49,104.73,104.97,104.63,104.35,104.98,105.01,105.82,107.16,108.47,107.89,109.08,111.06,112,111.75,112.88,111.52,112.68,112.34,112.55,113.66,113.55,113.2,113.49,114.15,114.16,114.62,114.95,115.02,115.72,115.58,115.64,115.94
KOTA BATAM,103.67,103.51,103.11,103.18,103.34,103.4,103.22,103.24,103.12,103.25,103.58,104.67,105.38,104.75,104.73,104.89,105.16,105,105.47,105.01,105.36,105.7,106.61,107.23,108.02,107.5,108.28,109.49,110.35,111.28,111.96,111.4,112.6,112.56,112.33,113.61,113.31,113.88,113.51,114.04,113.75,114.34,114.65,114.85,114.99,115.41,116.29,116.85
KOTA TANJUNG PINANG,103.46,103.26,102.85,102.61,102.62,102.71,103.06,103.18,102.85,103.23,103.78,104.8,105.39,104.77,104.33,103.95,103.98,103.96,104.33,104,104.2,104.37,105.26,105.7,106.1,106.19,106.57,107.47,108.57,109.44,110.16,109.57,110.58,110.2,110,110.94,110.82,111.17,111.13,111.37,111.07,111.39,111.78,111.8,112.27,112.35,113.12,113.31
DKI JAKARTA,104.56,104.84,105.19,105.49,105.47,105.53,105.48,105.37,105.39,105.4,105.68,105.96,106.11,106.3,106.36,106.45,106.89,106.6,106.56,106.65,106.59,106.67,107.1,107.58,108.07,108.02,108.49,109.25,109.32,109.67,110.29,110.17,111.5,111.44,111.5,112.11,112.21,112.42,112.83,113.28,113.17,113.18,113.39,113.4,113.61,113.76,114.1,114.67
KOTA BOGOR,105.65,105.91,105.95,105.93,105.94,106.23,106.22,106.05,106.17,106.31,106.65,107.12,107.32,107.58,107.64,107.9,108.33,108.15,108.23,108.32,108.21,108.3,108.58,109.19,109.77,109.91,110.98,111.74,112.35,113.19,113.81,113.3,114.64,114.75,114.98,115.54,116.25,116.67,116.85,117.22,117.48,117.69,117.97,117.87,118.06,118.2,119.16,119.42
KOTA SUKABUMI,104.17,104.44,104.75,104.82,104.85,105.02,104.96,104.73,104.65,104.67,105.04,105.65,105.92,105.99,106.19,106.51,106.61,106.48,106.59,106.56,106.45,106.49,107.1,107.46,108.09,108.21,108.93,109.78,110.05,110.69,111.17,111.13,112.61,112.56,112.76,113.32,113.75,114.1,114.27,114.82,115.04,115.22,115.5,115.48,115.74,115.8,116.18,116.4
KOTA BANDUNG,104.26,104.63,104.89,105.06,104.8,105.23,105.08,104.98,104.93,105.01,105.28,105.69,105.8,105.89,106.05,106.25,106.68,106.58,106.78,106.88,106.73,106.8,106.95,107.43,107.92,108.07,108.98,110.2,110.61,111.43,112.1,111.83,112.85,112.98,113.12,115.43,115.87,116.17,114.43,114.8,114.92,115.08,115.34,115.32,115.45,115.54,115.79,116.16
KOTA CIREBON,102.25,102.42,102.72,102.74,102.65,103.11,102.99,102.75,102.49,102.5,102.84,103.34,103.42,103.49,103.56,103.9,104.25,104.07,104.09,104.18,104.12,104.2,104.64,105.21,105.79,105.95,106.63,107.4,107.85,108.37,108.76,108.73,109.95,109.84,109.94,110.32,111.61,112.01,112.2,112.61,112.78,113,113.25,113.12,113.32,113.36,113.54,113.87
KOTA BEKASI,105.48,105.88,106.29,106.56,106.48,106.99,106.98,106.97,106.94,106.95,107.25,108.03,108.24,108.49,108.38,108.52,108.79,108.43,108.64,108.91,108.78,108.83,109.18,109.77,110.2,110.54,110.96,112.03,112.35,112.9,113.6,113.74,115.31,115.09,115.14,115.67,116.15,116.6,116.75,117.4,117.49,117.75,118,117.91,118.01,118.18,118.66,119.3
KOTA DEPOK,105.18,105.44,105.82,105.84,105.66,105.77,105.6,105.52,105.54,105.69,106.03,106.41,106.56,106.77,106.82,107.17,107.87,107.56,107.53,107.59,107.52,107.68,107.98,108.34,108.87,109.18,110.11,111.62,111.91,112.5,113.3,113.29,114.7,114.4,114.53,114.9,115.52,115.95,116.14,116.41,116.54,116.62,116.87,116.84,116.95,117.13,117.44,117.76
KOTA TASIKMALAYA,102.13,102.46,102.78,102.91,102.94,103.09,103.22,102.94,102.91,103.05,103.33,103.6,103.86,103.88,103.82,104.21,104.32,104.27,104.35,104.37,104.12,104.15,104.33,104.81,105.28,105.79,106.89,108.34,109.16,109.61,110.24,110,111.05,110.99,111.19,111.78,112.24,112.7,112.78,113.49,113.8,113.85,114,113.95,114.34,114.35,114.65,114.96
CILACAP,102.47,102.97,103.03,103.08,103.38,103.67,103.49,103.4,103.37,103.49,103.89,104.25,104.53,104.66,104.69,104.74,105,104.74,104.8,104.86,104.73,104.97,105.35,106.21,106.91,106.99,108.26,110.08,110.73,111.52,111.91,111.29,112.53,112.54,112.77,113.44,113.95,114.26,114.48,114.8,115.05,115.11,115.13,115.18,115.65,115.79,116.28,116.49
PURWOKERTO,103.23,103.83,103.88,103.8,104,104.42,104.21,104.08,104.04,104.11,104.52,104.86,105.23,105.39,105.45,105.49,105.69,105.48,105.58,105.71,105.57,105.94,106.36,107.15,107.87,107.9,108.78,110.57,111.27,111.93,112.37,111.88,113.17,113.19,113.54,114.1,114.52,114.88,114.99,115.3,115.55,115.57,115.74,115.75,116.2,116.44,116.88,117.08
KUDUS,103.37,103.77,103.81,103.73,103.83,103.92,103.83,103.88,103.8,103.97,104.22,104.66,104.94,105.15,105.23,105.16,105.38,105.29,105.18,105.34,105.31,105.46,105.79,106.32,107.14,107.2,108.07,109.44,109.86,110.59,111.01,110.67,112.5,112.52,112.67,113.12,113.42,113.82,114.11,114.5,114.74,114.75,114.95,114.97,115.42,115.73,116.3,116.47
KOTA SURAKARTA,103.33,103.75,103.76,103.73,103.52,103.82,103.79,103.91,104,104.1,104.28,104.61,105.32,105.59,105.76,105.78,105.84,105.61,105.85,105.95,105.96,106.2,106.55,107.31,107.75,108.09,109.1,110.7,111.49,112.48,112.87,112.8,114.27,114.2,114.32,114.85,115.22,115.77,116.05,116.36,116.58,116.68,117.04,117.08,117.57,117.76,118.26,118.52
KOTA SEMARANG,104.41,104.86,104.88,104.86,104.96,105.13,105.03,104.97,105.04,105.25,105.39,105.91,106.06,106.23,106.32,106.37,106.55,106.4,106.45,106.39,106.24,106.5,106.85,107.49,107.82,107.73,108.44,109.37,109.95,110.97,111.63,111.14,112.4,112.2,112.35,112.85,113.19,113.43,113.66,113.97,114.22,114.24,114.5,114.52,115,115.19,115.79,116.05
KOTA TEGAL,104.17,104.57,104.55,104.82,104.72,105.16,105.11,105.2,105.14,105.37,105.67,106.26,106.08,106.34,106.31,106.39,106.66,106.28,106.36,106.19,106.21,106.69,107.18,107.89,108.65,108.86,109.83,110.82,111.96,112.67,113.34,112.61,113.84,113.76,114,114.7,115.2,115.91,115.88,116.26,116.63,116.68,116.77,116.84,117.32,117.62,118.2,118.46
KOTA YOGYAKARTA,104.91,105.33,105.4,105.15,105.38,105.46,105.38,105.34,105.37,105.45,105.59,106.1,106.67,106.82,106.91,106.92,106.99,107.04,107.16,107.21,107.03,107.29,107.77,108.53,109.17,109.22,110.06,111.32,112.16,112.74,113.27,113.13,114.32,114.45,114.82,115.57,115.77,116.08,116.78,117.04,117.45,117.47,117.8,117.75,118.09,118.39,118.81,119.23
JEMBER,103.74,104.27,104.62,104.48,104.45,104.76,104.77,104.65,104.64,104.65,105.11,105.49,105.75,105.88,106.36,106.45,106.57,106.46,106.41,106.45,106.35,106.39,106.72,107.69,108.18,108.25,109.41,110.98,111.56,112.35,113.1,112.57,114.11,114.08,115,115.65,115.84,116.05,116.5,116.75,117.03,117.19,117.32,117.36,117.59,117.71,118.04,118.3
BANYUWANGI,102.78,102.88,103.16,103.41,103.43,103.49,103.5,103.49,103.31,103.38,103.59,104.04,104.23,104.32,104.64,104.66,104.94,104.63,104.87,104.79,104.62,104.64,104.93,105.69,106.11,105.95,106.93,108.06,108.59,109.25,109.99,109.38,110.33,110.45,111.28,112.09,112.39,112.72,113.04,113.24,113.49,113.59,113.64,113.69,113.75,113.8,114.28,114.5
SUMENEP,103.86,104.03,104.12,104.28,104.3,104.14,104.01,104.04,103.92,103.85,104.7,105.44,105.5,105.52,105.65,106.21,106.65,106.03,106.48,106.31,106.19,106.21,106.9,108.15,108.41,108.24,109.42,110.46,111.67,112.17,113.34,112.06,113.13,112.96,113.7,114.98,115.71,115.69,116.46,116.98,117.75,117.25,117.16,117.35,118.19,118.94,119.97,120.82
KOTA KEDIRI,103.91,104.3,104.41,104.49,104.29,104.55,104.49,104.51,104.67,104.62,105.08,105.37,105.54,105.61,105.77,106.1,106.24,106.13,106.05,105.96,105.86,106.05,106.31,107.1,107.56,107.77,108.23,109.47,109.56,110.41,111.02,111.01,112.52,112.28,112.61,113.27,113.57,113.75,114.03,114.18,114.55,114.74,114.92,114.96,115.39,115.62,116.06,116.26
KOTA MALANG,102.99,103.28,102.86,102.74,103.02,103.47,103.53,103.47,103.42,103.36,103.68,104.03,104.09,104.08,104.16,104.26,104.41,104.49,104.6,104.63,104.61,104.81,105.08,105.85,106.4,106.59,107.26,108.8,109.36,110.03,110.87,110.84,112.02,111.9,112.03,112.68,112.85,112.95,113.42,113.69,113.97,114.05,114.27,114.35,114.56,114.86,115.32,115.57
KOTA PROBOLINGGO,103.02,103.42,103.46,103.51,103.56,103.72,103.89,103.82,103.46,103.62,104.05,104.54,104.83,104.88,105.07,105.16,105.27,105.09,105.26,105.32,105.17,105.31,105.56,106.38,106.86,106.67,107.44,108.6,109.11,109.92,110.49,109.77,110.85,111.03,111.44,112.18,112.43,112.39,112.86,113.37,113.66,113.87,113.97,114.06,114.38,114.63,115.14,115.39
KOTA MADIUN,102.8,103.19,103.39,103.19,103.2,103.41,103.37,103.35,103.33,103.44,103.86,104.35,104.98,105.06,105.26,105.32,105.37,105.15,105.27,105.43,105.32,105.41,105.64,106.44,106.91,106.94,107.77,108.81,109.44,110.16,110.85,110.38,111.79,111.76,111.96,112.61,113,113.04,113.32,113.57,113.65,113.74,113.85,113.87,114.2,114.45,115,115.26
KOTA SURABAYA,103.92,104.25,104.26,104.09,104.31,104.6,104.17,104.24,104.05,104.03,104.24,104.76,105.15,105.45,105.54,105.64,105.99,105.81,106.02,106.41,106.27,106.48,106.9,107.6,108.08,108.12,108.88,109.93,110.47,110.98,111.62,111.91,113.61,113.69,114.03,114.69,115.17,115.29,115.74,116.13,116.29,116.43,116.6,116.76,117.18,117.5,117.81,118.17
KOTA TANGERANG,104.19,104.41,104.4,104.67,104.71,104.86,104.8,104.69,104.62,104.72,104.86,105.04,105.38,105.65,105.66,105.82,106.05,105.82,105.84,106.01,105.94,106.03,106.21,106.94,107.43,107.55,108.63,109.68,109.73,110.38,110.61,110.49,111.66,111.51,111.34,111.82,112.31,112.54,112.7,113.47,113.48,113.67,113.73,113.59,113.86,114.1,114.78,115.37
KOTA CILEGON,104.96,105.44,105.56,105.77,106.04,106.27,106.08,106.06,106.17,106.42,106.67,107.08,107.44,107.71,108.02,108.26,108.47,108.45,108.52,108.46,108.2,108.39,108.71,109.43,110.52,110.14,111.4,112.69,112.98,113.98,114.48,113.97,115.56,115.26,115.15,115.84,116.86,117.03,117.4,117.64,117.93,118.01,118.23,118.07,118.41,118.55,119.3,119.9
KOTA SERANG,106.07,106.25,106.48,106.73,106.78,106.97,107.05,107,106.95,106.98,107.14,107.42,107.91,108.11,108.24,108.45,108.84,108.79,108.82,108.98,108.77,108.82,109.02,109.82,110.88,111.19,112.43,113.32,114.27,115.15,115.73,115.54,116.96,117.02,117.26,117.75,118.14,118.64,118.47,118.88,119.3,119.43,119.48,119.33,119.4,119.47,119.88,120.24
SINGARAJA,104.33,105.06,105.22,104.84,104.61,104.94,105.06,104.62,104.9,104.68,105.07,106.2,107.2,107.44,108.31,108.15,107.61,107.05,107.25,107.18,106.7,106.79,106.92,108.74,109.43,108.51,109.89,110.87,111.51,113.96,114.51,112.81,113.2,113.02,113.1,113.77,114.85,115.18,115.66,115.41,115.84,116.09,116.38,116.69,116.63,117.14,118.16,118.67
KOTA DENPASAR,104.23,104.64,104.76,104.42,104.32,104.4,103.92,103.8,103.63,103.37,103.58,104.22,105.02,104.81,105.3,105.78,105.16,104.78,104.71,104.83,105.03,104.79,105.53,106.32,107.48,107.09,108,109.1,109.9,110.69,111.75,111.71,112.34,112.3,112.65,113.17,113.87,113.91,113.94,114.01,114.4,114.31,114.72,114.96,114.93,115.1,115.48,116.05
KOTA MATARAM,103.45,103.4,103.09,102.75,102.6,102.75,102.84,102.81,102.77,102.97,103.01,103.47,104.36,104.72,105.08,104.82,105.09,104.76,104.81,104.62,104.8,105.09,105.14,105.83,106.53,106.51,107.66,108.84,109.6,110.54,111.89,111.09,112.17,112.03,112.13,112.37,112.87,113.22,113.19,113.69,113.92,113.9,114.14,114.15,114.63,115.11,115.45,115.79
KOTA BIMA,104.68,104.6,104.69,104.61,104.25,104.02,104.47,104.34,104.32,104.47,104.48,104.84,104.95,104.8,105,105.31,106.19,105.85,106.11,106.13,105.97,105.87,105.89,106.49,107.4,107.13,107.76,109.24,109.76,110.98,112.44,111.23,112.48,112.71,112.82,113.29,113.19,113.86,113.71,113.91,113.88,114.08,114.57,114.76,115.48,115.35,115.94,116.59
WAINGAPU,105.43,105.39,105.8,104.95,105.01,104.7,104.19,103.69,103.92,104.11,105.07,105.99,106.24,106.85,106.35,107.31,108.03,107.35,106.92,106.44,106.73,106.69,106.33,107.35,108.34,108.85,109.06,110.2,110.51,110.73,111.26,109.62,110.91,110.53,109.9,111.15,112.44,112.74,113.87,114.74,114.71,115.92,116.33,114.93,114.52,114.86,114.44,114.79
MAUMERE,104.61,104.35,103.42,103.36,103.31,103.88,103.96,104.7,104.33,105.24,105.54,106.28,105.67,106.57,106.28,106.32,106.1,106.66,106.65,105.7,105.65,105.99,106.5,106.86,108.26,107.69,108.32,108.9,109.85,110.76,112.43,111.31,111.94,111.85,112.33,113.54,114.59,114,115.24,115.29,115.23,114.83,115.58,116.01,116.19,116.4,116.61,117.32
KOTA KUPANG,103.69,104.2,103.51,103.71,103.87,103.8,103.43,102.48,102.3,102.49,102.72,103.51,104.08,104.46,104.09,105.04,105.82,104.88,105.03,104.44,104.03,103.82,104.44,105.44,106.48,107.17,107.27,108.84,109,109.56,110.73,109.78,111.78,112.19,112.06,112.89,114.02,113.14,114.61,114.43,113.53,114.69,115.09,113.96,113.87,114.41,114.96,115.38
SINTANG,108.42,109.73,109.56,109.33,110.01,110.72,110.24,109.6,109.82,110.11,111.17,112.26,111.78,111.64,111.21,111.32,111.18,111.46,111.43,111.31,111.59,111.56,113.8,114.37,115.35,115.72,116.74,118.59,119.86,120.45,120.7,119.54,121.18,121.19,121.31,121.8,122.04,121.95,122.11,122.55,122.97,123.49,123.51,123.08,123.44,123.5,123.66,124.26
KOTA PONTIANAK,104.75,105.41,105.27,105.19,105.69,106.04,105.65,105.49,105.5,105.46,105.87,106.17,106.16,106.26,106.21,106.31,106.21,107.08,106.83,106.92,107.27,107.04,107.06,107.4,108.33,108.63,109.1,110.25,111.03,111.11,111.16,111.34,113.1,113.18,113.57,114.22,114.49,114.55,114.6,115.16,115.59,115.84,115.96,115.5,115.62,115.8,115.84,116.61
KOTA SINGKAWANG,102.03,102.64,102.46,102.31,102.68,103.24,102.78,102.49,102.48,102.84,103.45,104.1,104.06,104.32,103.8,103.98,104.08,105.5,105.74,105.93,106.38,106.09,106.17,106.75,107.45,107.61,107.83,109.23,110.37,110.27,110.69,110.08,111.91,112.06,112.55,113.11,113.62,113.4,113.66,114.28,114.62,115.09,115.01,115.11,114.91,114.89,114.88,115.08
SAMPIT,104.1,104.67,104.4,104.06,104.44,105.11,105.4,104.95,104.74,104.78,105.32,105.5,105.6,105.58,105.62,106.09,106.51,107.09,107.1,106.91,107.09,109.3,109.65,110.37,111.01,110.98,112.06,113.15,114.21,115.23,115.51,114.93,116.57,116.56,116.65,116.98,117.11,117.23,117.79,117.88,118.32,118.63,118.94,118.75,118.88,119.45,119.65,119.97
KOTA PALANGKA RAYA,104.33,104.99,104.78,104.67,104.91,105.26,105.03,104.45,104.07,104.09,104.64,105.13,105.22,105.57,105.76,105.7,106.18,106.26,106.39,106.24,106.28,106.5,106.78,107.84,108.51,108.5,109.25,110.31,111.34,112.31,112.94,113.26,114.45,114.37,114.61,114.86,115.01,115.14,115.73,116.1,116.38,116.7,116.69,116.41,116.54,117.27,117.57,117.94
KOTA BARU,106.61,106.93,106.78,106.26,106.56,106.69,106.3,106.53,106.4,106.63,106.74,107.41,107.68,107.78,108.51,108.75,109.5,109.04,109.17,109.52,109.32,109.24,109.61,110.29,111.31,111.27,112.45,113.46,114.86,116.38,117.62,117.77,118.63,118.68,119.14,119.83,119.97,120.04,120.77,121.12,121.8,122.24,122.44,122.55,122.97,123.57,123.73,124.4
TANJUNG,105.07,106.03,105.91,105.61,105.72,106.16,106.08,105.62,105.3,105.58,106.33,106.78,106.81,107.16,107.38,107.31,107.64,108.03,108.16,108.17,108.13,108.48,108.89,109.38,109.85,110.11,110.81,111.56,112.87,113.83,113.88,112.89,113.63,113.9,114.31,114.86,115.1,115.33,116.4,116.8,116.98,116.54,116.47,116.01,116.04,116.74,117.09,117.61
KOTA BANJARMASIN,105.21,105.19,104.87,104.58,104.7,105.11,104.82,105.14,104.8,105.03,105.82,106.7,106.45,107.08,107.09,106.85,107.88,107.44,107.64,107.49,107.45,107.87,108.54,109.41,110.55,110.01,111.04,112.4,113,113.8,114.15,113.65,115.42,115.74,116.21,117.05,117.23,117.47,118.38,118.46,118.3,118.79,118.78,118.8,118.51,118.62,119.58,119.72
KOTA BALIKPAPAN,102.96,103.41,103.25,103.27,103.59,103.88,103.57,103.35,102.87,102.7,103.1,103.36,103.38,103.67,103.84,103.86,104.12,104.61,104.58,104.43,104.63,104.68,104.96,105.72,106.58,106.04,107.2,108.63,109.19,109.77,110.57,110.21,111.18,111.28,111.33,111.55,112.01,112.36,113.11,113.56,113.93,114.02,114.63,114.45,114.47,114.62,115.12,115.57
KOTA SAMARINDA,103.78,104.16,104,103.71,103.86,104.04,104.41,104.24,103.89,103.67,104.04,104.29,104.54,104.65,104.9,105.17,105.41,105.7,105.69,105.48,105.61,105.64,105.74,106.43,107.4,107.18,107.61,108.74,109.44,109.9,110.47,110.25,111.17,111.42,111.7,111.99,112.48,112.44,113.02,113.53,113.65,113.93,114.32,114.44,114.66,114.94,115.29,115.76
TANJUNG SELOR,100.85,101.9,101.44,101.27,101.84,102.3,102.01,101.47,101.66,101.73,102.42,102.47,102.97,102.84,103.5,103.34,103.91,103.92,103.65,103.23,103.63,103.32,103.5,104.86,106.28,106.29,107.88,108.53,109.37,111.32,111.7,110.91,112.37,112.73,113.02,113.23,113.19,113.47,113.7,114.27,114.3,114.34,114.73,114.78,114.27,114.8,115.22,115.93
KOTA TARAKAN,103.89,103.63,103.15,103.36,103.08,104.1,104.35,104.72,105.38,105.08,105.03,105.17,104.28,104.27,104.07,104.83,106.09,105.9,105.88,105.49,105.35,106.07,107.19,108.15,108.42,108.41,108.97,109.77,110.6,110.84,111.39,110.79,111.86,111.68,111.74,112.4,112.76,112.86,113.17,113.83,113.6,114.12,114.53,114.38,114.41,114.26,114.62,115.16
KOTA MANADO,105.85,105.81,104.86,104.64,104.63,104.83,104.52,105.26,104.88,104.99,105.27,105.76,106.37,106.41,106.59,107.61,107.29,107.36,107.66,107.37,107.04,107.51,107.54,108.56,108.74,107.86,108.29,109.97,110.17,111.11,111.91,111.5,112.65,112.51,112.16,112.9,113.31,113.07,113.92,114.21,113.96,114.09,114.06,113.8,113.96,115.03,115.36,116.14
KOTA KOTAMOBAGU,103.83,104.21,104.47,105,104.72,106.01,105.91,105.93,105.58,105.39,106.08,106.83,107.08,106.85,106.5,107.89,108.23,108.13,108.97,108.87,108.01,108.52,107.95,109.51,108.79,108.96,109.91,111.48,111.25,112.88,113.65,113.03,114.42,114.18,114.53,116.11,116.86,116.93,117.55,117.54,117.87,117.78,118,118.05,117.59,118.28,118.94,120.06
LUWUK,106.83,106.89,106.26,106.83,106.41,107.23,107.22,107.6,107.79,107.45,107.79,107.51,107.74,107.67,107.81,107.92,108.76,108.89,108.83,108.64,108.47,108.8,109.04,110.18,110.86,110.82,111.84,113.31,114.31,115.47,116.46,117.09,117.52,116.97,116.51,117.47,118.34,118.28,119.32,119.69,120.27,121.13,122.01,122.45,122.65,121.94,121.86,122.58
KOTA PALU,104.96,105.53,105.16,105.34,105.5,105.86,106.03,106.1,105.99,106.42,106.46,107.13,107.4,107.57,107.8,107.89,108.62,107.69,107.81,108.34,108.33,108.38,108.58,109.42,110.63,110.06,111.28,112.86,112.64,112.97,114.31,114.6,115.2,114.97,114.86,115.78,116.39,116.19,116.78,116.83,116.86,117.07,117.2,117.35,117.48,117.58,117.79,117.94
BULUKUMBA,104.54,105.18,105.34,105.73,106.03,106.06,106.05,106.01,106.06,106.14,106.24,106.71,106.79,107.05,107.17,107.62,108.05,108.01,108.06,107.87,107.73,107.77,108.26,109.02,109.58,109.29,110.51,111.2,111.41,111.92,112.55,111.88,113.12,112.83,112.96,113.51,114.1,114.24,114.68,114.9,115.24,115.26,115.27,115.22,115.54,115.77,116.07,116.67
WATAMPONE,102.84,103.08,103.1,103.32,103.54,103.69,104.05,103.85,103.53,103.94,104.1,104.32,104.4,104.95,104.85,105.68,106.05,106.15,106.02,105.73,105.66,105.45,105.54,106.68,107.12,107.28,108.47,109.78,110.65,111.82,112.4,111.62,112.65,112,111.9,112.57,113.19,113.13,113.75,114.03,114.35,114.23,114.29,114.18,114.46,114.72,115.02,115.77
KOTA MAKASSAR,104.02,104.54,104.42,104.92,105.5,105.51,104.94,104.85,104.9,104.76,104.94,105.54,105.87,106.23,106.7,106.96,107.24,106.91,106.98,106.62,106.47,106.54,106.94,107.92,108.52,108.46,108.99,110.37,110.51,110.83,112.22,111.9,113.12,113,113.35,114.19,114.95,114.66,115.52,115.75,115.79,116.05,116.14,116.05,115.94,116.4,116.59,117.49
KOTA PARE-PARE,103.8,103.82,103.72,103.57,103.73,104.4,104.59,104.34,104.53,104.42,104.4,104.47,104.75,105.07,105.18,106.15,107.07,107.03,107.31,107.09,106.76,106.72,107.51,108.74,110.02,110,110.61,111.4,113.49,113.61,114.25,114.12,115.45,114.9,115.15,115.98,116.42,116.11,117.13,117.37,117.68,117.64,117.55,117.4,117.59,117.95,118.05,118.55
KOTA PALOPO,103.37,103.41,103.32,103.67,104.18,104.25,104.41,104.3,104.12,104.22,104.21,104.49,104.76,104.88,104.87,105.3,106.35,106.3,106.92,106.86,106.72,106.66,106.89,107.58,107.97,107.94,108.43,109.69,110.14,110.58,111.24,111.53,113.47,112.91,112.69,113.1,113.66,113.73,114.71,115.06,115.41,115.15,115.29,115.02,114.85,115.02,115.03,115.6
KOTA KENDARI,103.58,103.09,103.15,103.1,103.42,104.8,105.06,105.28,105.55,105.04,104.81,105.28,105.03,104.91,105.32,105.54,106.76,107.06,107.81,108.48,108.74,107.98,108.19,108.49,108.81,108.71,108.63,110.59,112.13,111.45,113.98,114.39,114.88,115.19,115.6,116.2,115.93,115.37,116.14,116.68,117.51,117.93,118.2,118.22,118.67,118.66,118.86,119.23
KOTA BUA-BAU,102.09,102.2,102.26,103.16,103.25,103.19,103.94,104.35,103.93,103.22,103.63,104.82,103.86,104.41,103.38,104.21,105.28,104.74,105.69,105.82,105.46,105,105.84,105.92,107.13,107.29,108.31,109.52,110.23,111.3,112.89,112.09,112.62,112.73,113.06,114.76,114.26,114.32,114.39,114.7,115.66,115.51,116.22,116.7,117.03,116.71,116.43,117.61
KOTA GORONTALO,103.61,103.94,103.81,103.73,103.39,103.77,103.85,103.88,103.82,103.95,104.2,104.42,105.06,105.29,105.92,106.29,106.61,106.69,107.07,106.9,105.94,106.52,106.14,107.12,106.88,106.48,107.81,109.12,109.52,111.33,111.97,111.38,111.93,111.94,111.88,112.64,112.97,112.63,112.86,112.88,112.97,113.64,113.92,113.63,113.23,114.36,115.48,117.01
MAMUJU,102.2,103.03,103.67,103.93,104,104.58,104.41,104.35,104,103.66,103.74,104.05,105.54,106.72,107.1,106.88,108.33,108.71,108.21,108.1,107.27,107.19,107.54,108.62,109.93,109.8,110.55,111.34,112.11,112.88,113.87,113.26,114.48,112.83,113.3,113.89,114.61,114.79,114.85,114.64,114.65,115.45,115.4,115.75,115.84,116.13,115.8,115.96
KOTA AMBON,106.1,106.32,105.56,105.44,105.66,106.11,106.17,106.63,106.41,105.78,105.59,105.52,105.54,105.09,105.49,105.66,106.48,107.37,107.44,107.32,107.45,107.7,108.93,109.79,110.16,109.67,110.2,110.99,111.76,111.85,113.72,114.65,114.99,114.85,116.17,116.81,116.56,115.85,116.04,116.38,117.38,118.67,118.6,118.18,118.48,118.94,119.61,120.05
KOTA TUAL,105.22,104.91,104.33,104.65,105.33,106.46,106.1,105.5,105.72,105.62,106.83,106.66,106.63,106.55,106.76,107.31,107.43,108.11,109.36,109.47,109.55,108.94,108.77,110.34,110.56,109.32,109.02,110.92,112.27,113,114.88,113.84,115,113.45,114.4,115.33,115.94,116.68,117.19,117.74,118.55,119.29,118.69,119.17,119.9,118.61,118,119.16
KOTA TERNATE,104.19,105.23,104.73,104.86,105.79,105.43,104.43,104.98,104.2,104.49,105.31,106.05,105.51,106.08,106.16,106.43,106.9,106.67,107.26,106.61,106.49,107.19,107.46,108.57,108.33,107.13,107.49,108.37,108.66,109.02,111,110.73,111.3,110.75,110.96,112.23,112.34,114.42,112.98,114.47,114.86,114.87,115.21,115.51,115.02,115.52,115.29,117.18
MANOKWARI,107.81,108.96,107.54,107.7,107.87,108.39,107.21,107.74,107.06,105.12,106.29,107.67,107.05,106.82,107.81,107.51,109.47,110.55,109.89,109.1,108.42,109.46,110.2,111.32,111.34,109.75,111.22,112.41,114.14,114.95,115.61,114.7,113.97,114.84,115.92,118.07,118.11,117.25,116.5,118.12,118.65,119.66,121.37,122.04,119.96,120.03,119.54,120.89
KOTA SORONG,102.27,102.37,102.28,102.55,102.49,102.96,103.58,103.24,102.81,102.18,102.9,103.83,104.26,103.71,104.48,104.67,105.54,106.72,108.33,107.2,106.38,106.42,106.1,107.45,108.51,107.1,107.34,108.43,109.09,109.51,110.89,109.98,111.62,110.61,110.94,110.95,112.02,111.75,112.78,112.79,113.45,114.28,114.48,114.21,113.84,114.68,114.12,114.38
MERAUKE,103.43,104.39,102.79,103.37,104.09,104.3,103.8,103.14,103.36,102.73,103.41,104.09,104,104.48,105.37,105.33,105.43,105.72,105.76,104.71,103.92,104.43,104.25,105.84,106.77,107.14,109.13,109.94,109.92,109.71,110.35,109.41,109.49,109.62,109.57,111.03,111.48,111.59,112.59,113.77,114.94,116.19,116.1,115.88,114.66,114.98,115.32,116.22
TIMIKA,103.95,104.79,102.79,103.53,104.46,105.42,106.95,107.39,106.5,106.76,106.79,107.16,107.08,107.22,106.78,108.14,107.24,107.61,108.17,108.14,107.82,107.68,108.06,109.4,108.94,108.68,109.37,110.38,111.03,112.19,114,114.55,113.87,114.7,115.09,115.89,115.2,114.52,115.25,116.86,117.74,118.64,119.62,120.19,119,118.53,119.53,119.96
KOTA JAYAPURA,103.5,103.91,103.61,103.92,103.85,104.01,104.66,104.32,104.23,102.88,103.05,104.1,103.66,104.41,105.53,104.2,103.85,103.46,103.55,103.12,102.76,103.59,103.89,105.87,105.83,105,105.94,108.46,109.5,110.47,111.05,110.75,111.62,111.29,110.97,112.02,111.4,110.46,110.59,112.18,112.12,113.64,113.46,113.3,113.05,112.88,112.99,113.87
INDONESIA,104.33,104.62,104.72,104.8,104.87,105.06,104.95,104.9,104.85,104.92,105.21,105.68,105.95,106.06,106.15,106.29,106.63,106.46,106.54,106.57,106.53,106.66,107.05,107.66,108.26,108.24,108.95,109.98,110.42,111.09,111.8,111.57,112.87,112.75,112.85,113.59,113.98,114.16,114.36,114.74,114.84,115,115.24,115.22,115.44,115.64,116.08,116.56