DAERAH,01/2020,02/2020,03/2020,04/2020,05/2020,06/2020,07/2020,08/2020,09/2020,10/2020,11/2020,12/2020,01/2021,02/2021,03/2021,04/2021,05/2021,06/2021,07/2021,08/2021,09/2021,10/2021,11/2021,12/2021,01/2022,02/2022,03/2022,04/2022,05/2022,06/2022,07/2022,08/2022,09/2022,10/2022,11/2022,12/2022,01/2023,02/2023,03/2023,04/2023,05/2023,06/2023,07/2023,08/2023,09/2023,10/2023,11/2023,12/2023
KOTA MEULABOH,"109,30","109,30","109,46","109,66","109,46","109,56","109,67","109,60","109,60","109,60","109,60","113,89","113,96","114,01","114,12","114,12","114,12","114,12","114,11","114,11","114,11","114,16","114,16","114,16","114,00","114,07","119,78","119,85","119,85","119,93","120,02","119,97","120,67","126,55","123,88","123,93","123,93","125,28","131,06","131,06","131,22","130,24","130,24","130,24","130,58","130,59","130,72","130,72"
KOTA BANDA ACEH,"107,10","109,27","111,09","111,57","113,19","113,39","114,90","115,09","115,01","115,28","115,30","115,33","115,43","116,61","116,60","116,80","117,11","117,11","117,11","117,25","117,39","117,31","117,45","117,43","117,97","118,04","118,87","120,77","120,88","120,88","120,95","121,10","122,29","122,29","122,32","122,72","123,01","127,59","127,59","127,62","127,62","127,58","127,71","127,73","127,87","128,16","128,92","128,92"
KOTA LHOKSEUMAWE,"106,26","106,26","106,26","106,96","106,96","106,96","106,96","106,96","106,96","106,96","106,96","106,96","107,06","107,29","107,73","108,00","108,00","108,26","108,26","108,26","108,26","108,26","108,26","108,26","108,26","108,35","108,35","108,35","108,35","108,35","108,35","108,35","108,35","108,35","108,35","108,62","108,66","108,66","108,66","108,66","108,66","108,66","108,66","110,08","110,08","110,59","110,59","110,59"
KOTA SIBOLGA,"102,37","102,30","102,30","102,42","102,48","102,64","102,43","102,49","102,49","102,49","102,49","102,49","102,49","102,49","102,49","102,49","102,49","102,49","102,49","102,49","103,03","103,81","103,81","103,81","104,23","104,23","104,23","108,61","108,61","108,31","108,33","108,33","108,40","108,40","108,40","108,40","111,43","112,91","112,97","139,58","139,58","139,85","139,85","139,85","139,85","139,85","139,85","139,85"
KOTA PEMATANG SIANTAR,"112,62","112,62","112,85","112,85","112,16","112,61","112,61","112,61","112,61","112,61","112,61","113,36","113,42","113,86","113,86","113,86","114,06","114,06","114,06","114,06","114,60","114,61","114,61","114,61","114,61","115,02","115,68","115,68","115,68","115,89","115,95","115,95","115,95","115,95","115,95","115,95","115,95","115,95","117,23","117,23","117,58","117,53","118,32","118,32","118,32","118,46","118,46","118,93"
KOTA MEDAN,"102,54","102,92","102,92","103,55","103,95","103,95","104,05","104,03","104,23","104,55","104,54","104,51","104,86","104,89","105,08","105,09","105,14","105,14","105,17","105,26","105,31","105,42","105,49","105,49","105,49","105,47","105,59","105,63","106,18","106,19","106,19","106,39","106,56","106,56","106,75","106,75","106,79","106,79","106,81","106,86","106,83","107,01","108,40","108,73","109,10","109,42","109,89","109,91"
KOTA PADANGSIDIMPUAN,"127,50","128,10","128,27","128,27","128,33","128,37","128,33","128,33","128,51","128,55","128,59","128,59","128,66","128,66","128,36","128,42","128,44","128,44","128,44","128,44","128,47","128,47","128,47","128,47","128,47","135,13","135,15","135,15","135,15","135,23","135,35","135,35","137,61","137,61","137,61","137,61","137,85","141,25","141,25","141,29","141,29","141,29","141,29","141,29","142,17","143,14","146,30","146,30"
KOTA GUNUNGSITOLI,"100,00","100,00","107,93","107,93","107,93","108,48","108,48","108,48","108,48","108,48","108,55","108,55","109,03","109,07","109,07","109,07","109,22","109,34","109,34","108,26","108,86","108,86","108,86","109,67","110,54","110,54","110,54","115,73","115,73","118,10","118,10","120,08","120,08","121,27","121,27","123,30","125,38","125,38","125,38","125,38","125,38","125,38","125,38","125,38","125,38","125,38","125,38","125,38"
KOTA PADANG,"103,90","103,90","103,90","103,90","103,90","103,90","103,90","103,90","103,90","103,90","103,90","103,90","105,52","105,72","109,31","109,31","109,31","109,31","109,35","110,06","110,06","110,06","110,06","110,89","110,89","110,89","110,94","111,26","111,47","111,92","112,11","111,94","112,11","112,11","112,36","112,56","112,42","112,34","112,34","112,35","114,82","114,82","114,85","114,96","114,96","114,81","114,81","114,79"
KOTA BUKITTINGGI,"108,29","108,35","108,58","109,67","110,30","110,32","110,35","110,38","110,27","110,27","110,46","110,46","112,78","112,78","112,78","112,89","113,21","113,21","113,43","113,52","113,70","113,65","113,65","113,71","116,35","118,07","118,84","118,87","118,87","119,01","119,15","119,27","119,53","119,99","120,45","120,53","120,69","120,69","120,69","120,49","120,53","120,65","120,65","120,67","120,67","121,45","121,46","122,15"
TEMBILAHAN,"100,47","100,88","100,88","100,88","100,88","102,22","102,22","102,22","102,22","102,22","102,24","102,32","102,35","102,35","102,35","102,35","102,25","102,32","102,11","102,11","102,11","102,20","102,20","102,51","102,51","102,51","102,51","102,51","102,51","102,51","102,96","102,96","103,05","103,05","103,05","103,05","105,30","105,66","105,65","105,65","105,65","105,65","105,65","105,65","105,69","105,69","105,69","105,66"
KOTA PEKANBARU,"108,08","108,57","109,13","109,18","110,18","110,29","110,33","110,52","110,47","110,71","110,71","110,81","110,93","110,98","112,90","112,94","112,97","112,99","113,21","113,21","113,74","113,69","113,82","113,88","113,96","113,83","113,79","114,00","114,03","115,13","115,19","115,29","115,32","115,76","115,77","115,73","115,98","115,93","115,94","116,04","116,04","116,16","116,44","116,44","116,45","116,86","116,87","116,92"
KOTA DUMAI,"103,43","105,49","105,55","105,55","105,87","105,32","105,33","106,44","106,49","106,49","106,49","106,67","106,64","108,40","108,40","108,40","108,81","108,81","109,10","109,09","109,09","109,23","109,44","109,40","109,40","109,37","109,38","112,49","113,13","113,32","113,36","113,36","117,67","117,69","118,12","118,21","118,21","118,25","118,25","118,92","118,89","118,89","121,42","121,39","121,41","121,42","121,42","121,67"
BUNGO,"102,96","103,25","103,25","103,28","103,28","103,45","103,45","103,57","103,90","103,90","103,89","103,89","104,08","104,08","104,09","104,09","104,09","105,21","105,24","105,28","105,36","105,69","105,60","105,58","105,58","105,67","105,70","105,86","105,86","105,87","105,82","105,99","106,02","106,02","106,13","106,77","107,09","107,09","107,09","107,13","107,13","107,82","108,36","108,48","109,52","109,69","109,69","109,69"
KOTA JAMBI,"106,06","109,95","110,46","110,47","110,40","110,33","110,81","111,64","111,64","111,63","111,79","111,80","112,69","112,57","112,11","112,11","112,11","112,36","112,35","112,35","112,35","112,35","112,13","112,13","112,14","112,14","112,15","112,15","112,15","113,18","113,18","113,18","113,20","112,65","112,65","112,66","112,96","113,31","113,40","113,34","113,39","113,88","113,89","113,96","113,96","114,70","114,32","114,75"
KOTA PALEMBANG,"103,54","103,63","103,65","103,73","103,85","103,90","104,19","104,23","104,51","104,54","104,55","104,48","104,50","104,52","105,13","105,13","105,15","105,31","105,50","105,50","105,53","105,56","105,63","105,63","105,66","106,63","106,69","106,75","107,20","107,29","107,44","107,56","108,20","108,21","108,23","108,23","108,27","108,59","108,56","108,56","108,56","109,29","109,29","109,53","109,55","109,55","109,63","109,70"
KOTA LUBUKLINGGAU,"106,77","107,11","107,25","107,26","107,53","108,06","108,09","108,04","108,31","108,78","108,44","108,55","108,77","108,86","108,83","109,09","109,13","109,23","109,24","109,31","109,47","109,46","109,58","109,56","109,60","109,66","109,74","109,93","109,96","110,87","110,87","111,73","111,73","112,73","112,76","112,75","112,74","112,78","112,78","112,87","112,99","112,99","113,07","113,14","113,14","113,58","113,58","114,02"
KOTA BENGKULU,"109,43","112,73","112,44","112,65","112,74","112,84","113,22","113,87","113,99","114,03","114,07","114,23","114,82","114,97","115,36","115,24","115,41","115,37","115,37","115,44","115,54","115,57","115,53","115,39","115,93","115,93","115,57","115,90","116,81","117,68","117,83","117,97","118,21","118,21","118,70","118,65","122,14","122,17","122,17","122,14","122,27","122,13","121,59","121,84","122,10","121,83","122,04","121,74"
KOTA BANDAR LAMPUNG,"106,20","106,87","106,97","106,86","107,16","107,16","108,41","108,70","108,75","108,75","108,75","108,72","109,46","109,41","109,29","109,05","110,06","111,50","111,40","111,51","111,66","111,48","111,41","111,69","112,18","112,32","113,31","115,07","115,45","116,49","115,99","116,78","117,02","117,02","117,12","117,51","117,91","117,91","117,33","119,65","119,67","118,75","118,72","118,60","118,27","118,65","118,81","118,79"
KOTA METRO,"108,40","109,20","110,20","110,89","110,89","111,24","111,34","110,85","110,85","111,49","111,68","111,72","112,07","112,09","112,09","112,12","112,65","112,87","112,97","113,10","113,10","113,17","113,17","113,02","113,72","113,72","113,98","114,04","114,04","114,12","114,12","115,29","115,35","115,57","115,64","115,85","115,85","115,95","116,04","116,04","116,04","116,09","116,95","117,02","117,06","116,88","117,01","117,27"
TANJUNG PANDAN,"104,21","104,21","104,28","104,38","104,38","104,38","104,38","104,38","104,53","104,70","104,70","105,14","105,32","105,83","105,92","105,92","106,16","106,27","106,96","107,36","107,37","107,49","107,02","107,23","106,97","106,97","106,96","106,99","107,52","107,60","107,60","107,60","107,60","107,60","107,60","106,99","108,93","109,18","109,25","109,72","109,72","110,20","110,31","109,71","109,94","109,94","109,94","109,94"
KOTA PANGKAL PINANG,"109,98","109,98","109,98","109,98","109,98","109,93","109,95","110,05","110,05","110,12","110,12","110,12","110,28","110,59","110,71","111,73","111,73","111,48","111,48","111,70","111,76","111,75","111,75","111,74","111,81","111,66","111,83","111,90","111,91","112,01","112,10","112,08","112,22","112,60","112,83","112,86","112,90","112,98","113,04","113,07","113,11","113,11","117,00","128,71","127,44","127,38","127,31","127,31"
KOTA BATAM,"100,19","100,19","100,45","100,45","100,64","100,60","100,74","101,01","101,01","100,94","100,89","100,56","100,50","102,00","102,13","102,12","102,13","102,24","102,35","102,53","102,49","102,95","103,01","102,82","102,72","102,66","102,69","102,51","102,52","102,52","102,57","102,64","102,65","102,68","102,79","102,83","102,86","102,88","102,88","102,83","102,89","103,01","103,02","103,07","103,12","103,14","103,17","103,21"
KOTA TANJUNG PINANG,"101,60","101,63","101,63","101,76","101,82","101,83","101,81","101,82","102,56","102,56","102,54","102,47","102,22","102,76","102,76","102,76","102,75","102,77","102,77","102,77","103,72","104,43","104,43","104,76","106,26","106,30","106,85","106,65","106,71","106,71","106,78","106,78","106,83","107,00","107,00","107,00","107,00","107,53","107,53","107,67","107,67","107,67","107,07","107,20","107,20","107,20","107,20","107,24"
DKI JAKARTA,"106,92","107,12","107,22","107,32","107,79","107,96","108,51","108,51","108,85","108,75","108,80","109,31","109,35","109,53","109,52","109,87","109,93","109,54","109,63","110,25","110,32","110,38","110,15","110,19","110,18","111,00","111,45","111,53","111,79","111,75","111,81","111,91","113,26","113,41","113,54","113,75","114,04","114,31","114,19","114,23","114,34","114,57","114,83","114,88","114,91","115,00","115,61","115,52"
KOTA BOGOR,"104,39","104,42","104,57","105,00","105,11","105,13","105,16","105,16","105,23","105,36","105,52","105,52","104,98","105,29","105,13","104,52","103,92","103,99","104,01","103,91","103,79","103,76","104,76","104,89","107,25","107,32","108,84","108,95","109,41","109,34","109,38","109,40","109,41","109,63","108,85","109,93","109,84","110,61","110,59","110,59","110,65","110,65","110,65","110,86","110,89","110,93","111,06","111,11"
KOTA SUKABUMI,"103,31","103,31","103,34","103,34","103,34","103,34","103,34","103,35","103,55","103,63","104,50","104,50","104,50","104,68","104,49","104,61","104,62","104,48","104,55","104,56","104,53","104,53","104,76","105,00","105,08","105,38","105,78","106,07","106,03","106,60","104,57","104,60","104,59","104,59","104,63","104,63","105,83","106,08","106,09","106,16","106,96","107,11","107,21","107,21","107,21","107,24","107,51","107,51"
KOTA BANDUNG,"109,05","109,07","109,12","109,12","109,12","109,12","109,18","109,27","110,50","111,42","111,43","111,55","111,58","111,74","111,75","111,80","111,83","111,89","111,91","111,97","111,99","112,17","112,16","112,26","112,29","112,35","112,46","112,51","112,61","112,64","112,69","112,77","112,82","113,70","113,73","113,86","114,12","114,24","114,47","114,55","114,57","114,57","114,86","114,85","115,10","115,26","115,26","115,29"
KOTA CIREBON,"106,47","106,53","106,53","106,53","106,53","107,28","107,28","110,54","110,54","111,39","111,42","111,42","111,42","111,50","111,50","111,74","111,74","111,74","112,32","113,90","113,90","113,90","113,90","113,90","114,46","115,34","115,43","115,83","115,83","115,83","115,88","115,88","115,88","116,80","116,80","117,89","119,61","119,89","119,89","119,89","119,91","119,91","120,26","120,26","120,26","120,26","120,35","120,35"
KOTA BEKASI,"108,55","108,55","109,94","111,13","111,13","111,73","111,73","111,73","111,73","111,73","115,35","115,35","115,55","115,55","115,57","115,98","115,98","116,75","117,67","117,67","117,80","118,34","118,34","118,63","118,63","118,67","118,77","119,04","119,17","119,17","119,17","119,23","119,40","119,40","119,55","119,55","121,27","121,71","121,71","123,43","123,35","125,50","125,57","125,71","125,71","125,71","125,76","127,14"
KOTA DEPOK,"102,78","104,31","104,55","104,55","104,55","104,48","104,48","104,53","104,43","104,43","104,62","104,66","104,66","104,82","104,84","104,89","104,99","105,15","105,15","105,19","105,21","105,18","105,21","105,21","107,46","107,65","107,74","108,23","108,26","108,27","108,41","108,44","108,45","108,50","109,80","109,83","109,76","109,93","109,95","110,08","110,08","110,12","110,09","110,12","110,13","110,21","110,22","110,20"
KOTA TASIKMALAYA,"103,94","106,66","106,66","106,57","106,78","107,08","108,21","107,57","107,76","107,73","107,72","107,42","108,89","108,92","108,92","110,54","110,40","110,22","110,88","111,49","111,88","112,36","112,38","112,61","112,61","112,61","112,83","112,97","113,55","113,82","113,69","114,65","115,06","115,22","115,08","114,93","114,85","114,85","114,09","115,40","115,41","115,47","115,52","115,63","115,64","115,65","115,66","115,71"
CILACAP,"105,63","106,01","106,40","106,40","109,79","111,59","111,88","112,09","111,54","111,42","111,42","111,66","111,91","111,87","112,24","112,28","112,33","112,76","112,80","112,89","113,20","113,38","113,59","113,80","114,14","114,10","114,10","114,64","114,56","114,89","115,04","115,10","115,13","115,43","115,43","115,54","115,69","115,73","115,81","115,81","116,26","116,28","117,19","117,80","118,53","118,59","118,34","118,23"
PURWOKERTO,"103,60","103,66","103,71","103,98","104,33","104,65","104,67","104,68","104,85","104,85","105,04","105,06","105,26","105,28","105,28","105,41","105,41","105,77","105,88","105,95","105,97","106,11","106,10","106,12","106,32","106,33","106,36","106,56","106,61","106,67","106,92","106,96","107,22","107,24","107,26","107,29","108,24","108,40","108,44","108,64","108,75","108,99","109,00","109,02","109,23","109,48","109,53","109,57"
KUDUS,"103,85","103,85","103,94","104,08","104,69","104,69","104,69","105,27","105,31","105,60","105,60","105,60","106,53","106,53","106,55","106,55","106,65","106,65","106,66","114,62","114,63","114,63","116,00","116,00","116,40","117,54","117,54","117,60","117,60","117,81","117,85","118,57","118,59","118,65","118,66","118,68","119,16","119,16","119,34","119,37","119,37","119,37","119,37","119,45","119,74","119,75","119,83","120,00"
KOTA SURAKARTA,"106,94","106,74","106,80","107,16","107,45","107,53","107,41","107,84","107,43","107,44","107,93","108,45","119,36","119,44","119,52","122,23","122,27","122,31","122,32","122,38","122,44","122,46","122,45","122,47","123,67","124,09","125,87","126,92","127,05","127,70","127,83","127,86","128,11","128,47","128,59","128,73","130,21","130,27","130,28","130,55","130,95","131,25","131,30","131,40","131,39","131,44","131,40","131,41"
KOTA SEMARANG,"102,57","102,90","103,02","103,02","103,02","103,02","103,57","103,75","103,70","104,10","104,14","104,33","104,33","104,36","104,34","104,34","104,64","104,68","104,89","104,95","105,05","105,05","105,34","105,36","105,37","105,65","105,58","105,61","105,63","105,71","105,77","106,00","106,16","106,36","106,53","106,50","107,07","107,14","107,48","108,17","108,28","108,79","108,92","108,93","109,15","109,19","109,21","109,25"
KOTA TEGAL,"108,10","108,38","108,45","108,95","109,08","110,96","110,95","111,02","109,73","111,02","111,11","111,19","110,33","110,38","110,72","110,77","110,65","110,70","111,57","111,56","111,61","111,63","111,64","111,77","111,98","112,03","112,03","112,98","112,89","113,03","113,11","113,03","113,57","114,10","114,56","114,56","115,37","115,54","115,85","115,88","116,38","116,43","116,43","116,45","116,46","116,64","116,65","116,76"
KOTA YOGYAKARTA,"107,55","107,50","107,52","107,39","107,51","107,47","107,81","107,97","108,00","108,64","109,18","109,26","109,52","109,99","110,41","110,44","110,42","110,77","110,98","110,73","110,87","110,91","111,38","111,40","111,62","111,83","111,84","111,61","111,64","111,99","112,11","112,43","113,31","113,28","115,87","115,73","115,95","117,42","117,68","117,61","117,64","117,68","118,16","118,47","119,45","119,92","120,07","120,82"
JEMBER,"105,00","105,00","105,06","105,15","105,51","106,58","106,59","106,57","106,57","106,62","106,62","106,57","107,00","107,00","107,00","107,00","107,32","107,32","107,32","107,32","107,32","107,32","110,72","111,24","111,24","112,16","112,16","112,16","112,60","112,71","111,10","111,10","111,21","111,23","111,47","111,47","111,43","111,61","111,80","111,83","111,89","111,89","111,91","111,91","111,93","111,93","111,98","112,06"
BANYUWANGI,"101,97","102,14","102,14","102,14","102,14","102,14","102,23","102,23","102,23","102,23","102,23","102,23","102,23","104,12","104,11","104,11","104,11","104,11","104,11","104,11","104,12","104,12","104,12","104,12","104,16","104,16","104,16","104,21","104,21","104,53","105,17","105,17","105,17","105,33","105,33","105,33","105,64","105,64","105,64","105,64","105,64","105,88","106,44","106,51","107,10","107,51","108,38","108,44"
SUMENEP,"104,75","105,13","105,13","105,33","105,33","105,33","105,34","105,42","106,07","106,07","106,07","106,07","106,07","106,81","108,39","108,44","108,44","108,44","108,44","108,46","108,49","108,51","108,60","108,66","108,82","108,82","108,82","108,82","110,46","111,71","112,00","112,00","114,44","114,44","114,44","114,49","114,56","114,56","114,63","114,63","114,82","115,91","116,54","116,73","117,06","117,06","117,60","117,77"
KOTA KEDIRI,"101,06","101,06","101,73","101,65","101,64","102,27","102,65","102,65","103,34","103,44","103,28","103,28","103,30","104,02","103,74","103,78","104,68","104,68","104,68","104,83","106,31","106,30","106,80","107,03","108,07","108,12","109,21","109,46","109,89","109,98","110,10","110,10","110,10","110,15","110,15","110,15","110,15","110,15","110,15","110,28","110,28","110,28","110,66","110,67","110,62","110,56","110,51","110,51"
KOTA MALANG,"100,83","100,86","100,98","101,09","101,10","100,18","100,03","100,43","100,56","100,59","100,64","100,74","101,14","101,23","101,21","101,23","100,40","100,49","100,50","100,57","100,53","100,58","100,58","100,61","100,76","100,79","101,01","101,28","102,03","102,02","102,29","102,30","102,45","102,46","102,46","102,56","102,56","102,62","102,63","102,64","102,64","102,65","102,65","102,65","102,65","102,91","103,09","103,09"
KOTA PROBOLINGGO,"106,38","107,20","108,18","108,14","108,17","108,16","108,17","107,82","107,82","107,96","108,08","108,47","108,47","108,55","109,26","109,23","109,44","109,89","110,32","110,36","110,34","110,27","110,35","110,37","110,38","110,38","110,39","110,62","110,80","110,83","110,97","111,55","112,64","112,78","112,78","112,78","112,78","112,78","112,78","113,25","113,25","114,17","114,51","114,87","114,87","115,08","115,13","115,19"
KOTA MADIUN,"102,28","102,27","102,28","102,31","103,21","103,40","103,47","103,35","103,41","103,58","103,60","103,60","103,73","103,68","103,68","103,74","103,78","103,78","103,82","103,84","103,86","103,86","103,87","102,49","103,64","111,47","111,75","112,17","112,17","112,38","112,38","112,41","112,56","112,58","112,58","112,61","112,79","112,81","112,82","112,90","113,80","115,15","115,18","115,23","115,31","115,39","115,38","114,81"
KOTA SURABAYA,"102,54","102,92","102,94","103,01","103,22","103,46","103,81","103,71","103,58","104,29","104,88","105,12","105,18","105,61","105,49","105,80","106,01","106,42","107,45","108,25","108,78","108,87","109,03","109,14","109,20","109,22","110,04","110,26","110,47","111,37","111,50","111,70","112,14","113,14","113,77","114,01","115,39","115,53","115,55","116,02","116,64","116,92","117,17","117,36","117,37","117,42","117,60","117,51"
KOTA TANGERANG,"102,86","102,96","103,01","103,12","103,18","102,86","103,18","103,18","103,18","103,84","103,88","103,91","103,96","103,97","103,97","103,97","103,94","103,94","103,94","104,03","104,06","104,09","104,09","106,73","106,78","106,78","106,91","110,27","110,30","110,33","110,33","110,32","113,11","112,90","113,41","113,46","113,90","114,93","115,00","115,32","115,33","115,00","115,29","115,29","115,06","115,70","116,04","115,56"
KOTA CILEGON,"101,15","101,15","101,15","101,15","101,27","101,27","101,27","101,28","101,28","101,28","101,37","101,45","102,01","102,04","102,06","102,07","102,08","102,09","102,16","102,19","103,55","103,52","103,51","103,51","103,51","104,80","105,08","105,10","105,10","105,22","105,10","105,33","105,50","105,64","105,64","105,92","106,08","106,76","107,28","107,28","107,28","107,28","107,28","107,34","107,34","108,77","109,04","109,04"
KOTA SERANG,"108,46","108,51","108,37","108,40","108,48","108,59","108,41","109,42","109,47","109,54","109,75","109,77","110,62","110,67","110,91","111,07","111,08","111,47","111,45","111,41","111,37","111,45","111,29","110,88","110,86","111,26","113,15","113,28","113,51","113,98","113,72","114,47","114,53","114,51","114,61","114,91","116,98","116,86","116,66","116,84","116,72","116,71","117,17","117,12","117,21","117,27","117,56","117,32"
SINGARAJA,"108,05","108,70","109,70","109,71","109,75","109,78","109,78","109,80","109,80","109,89","109,89","110,51","112,45","112,60","112,60","112,60","113,05","113,05","113,05","113,04","113,06","113,06","113,18","113,18","113,18","113,19","113,19","113,19","113,20","113,20","113,71","113,75","113,75","113,75","113,79","113,81","113,81","113,81","113,82","113,92","113,99","113,96","114,00","114,28","114,29","114,29","114,28","114,28"
KOTA DENPASAR,"102,75","102,85","102,86","103,39","103,39","103,39","103,39","103,32","103,79","103,79","103,94","104,06","104,11","104,11","104,12","104,19","104,18","104,22","104,66","105,07","104,63","104,70","104,73","104,87","105,45","105,48","106,15","106,50","106,91","107,44","107,58","107,51","107,61","107,78","107,78","107,79","107,80","107,80","108,16","108,26","108,27","108,22","108,24","108,81","108,81","108,81","108,52","108,67"
KOTA MATARAM,"103,68","103,77","103,78","104,05","104,10","104,11","104,21","104,48","104,58","104,59","104,60","104,63","104,77","105,00","105,07","105,35","105,36","105,43","105,64","105,64","105,67","105,75","105,79","105,77","105,73","105,73","105,73","105,64","105,70","105,74","105,81","106,31","106,46","106,52","106,58","106,68","106,50","106,65","106,74","106,92","106,92","107,23","107,23","107,83","107,76","108,02","108,05","107,92"
KOTA BIMA,"107,43","107,44","107,45","108,24","107,94","108,08","108,10","108,32","108,29","108,35","108,52","108,88","109,02","109,04","109,07","109,37","109,57","109,57","109,75","109,98","109,98","109,98","110,22","110,24","110,24","110,38","110,10","110,62","110,74","110,75","110,62","110,84","110,86","111,04","111,34","111,34","111,37","111,35","112,05","112,19","111,89","111,66","111,51","111,52","111,20","111,49","111,49","111,47"
WAINGAPU,"104,45","104,78","105,02","104,98","105,98","105,98","106,24","107,73","109,41","118,68","118,31","119,90","118,21","118,80","118,98","117,82","118,23","117,23","118,03","119,20","118,31","118,88","121,47","122,06","121,58","120,94","118,94","118,88","117,93","117,07","119,44","118,86","119,09","118,28","117,68","117,42","121,71","125,55","125,39","125,39","125,31","125,31","125,31","126,33","126,33","125,62","125,62","125,75"
MAUMERE,"105,03","105,15","105,17","105,17","105,53","105,96","106,04","106,99","107,42","108,45","108,45","109,47","110,04","109,87","110,00","110,06","109,74","109,86","109,86","110,22","110,26","109,63","110,11","109,83","110,30","110,28","110,32","110,32","110,29","110,29","110,73","110,74","110,33","111,21","111,21","111,70","112,06","112,95","112,74","112,95","113,30","113,23","113,39","113,06","113,26","114,51","114,77","114,71"
KOTA KUPANG,"101,96","101,81","103,21","103,78","104,40","104,91","105,26","106,60","106,71","106,65","106,73","106,73","106,73","106,66","106,77","106,80","106,81","106,82","106,86","106,86","106,96","107,06","107,25","108,91","108,91","108,92","108,69","108,52","108,36","108,37","108,29","108,15","112,86","112,86","112,90","113,02","113,02","112,86","112,96","112,84","114,28","115,00","114,91","114,85","114,85","114,87","114,78","114,75"
SINTANG,"139,28","139,27","139,17","139,17","139,35","142,42","143,14","143,00","142,74","142,12","142,23","142,17","142,43","142,29","142,54","142,54","141,65","142,60","142,85","137,57","137,96","138,00","138,00","138,62","138,64","138,98","139,06","138,96","139,09","139,97","140,01","140,55","140,82","141,07","141,11","142,21","142,58","144,51","144,56","145,20","146,19","147,21","147,38","147,76","147,53","147,89","147,86","148,03"
KOTA PONTIANAK,"114,67","114,97","115,19","115,20","121,35","121,36","121,39","121,40","121,40","121,67","121,69","121,72","121,95","121,76","121,79","121,84","121,92","122,37","122,37","123,48","123,44","122,66","122,66","122,31","122,35","122,35","122,13","121,17","121,10","121,23","121,23","120,95","120,78","120,94","120,95","121,39","120,73","120,74","120,13","120,90","121,17","121,18","121,93","121,09","120,91","120,90","121,04","121,05"
KOTA SINGKAWANG,"99,28","99,33","99,34","101,36","101,35","101,14","101,10","101,63","102,24","102,61","103,10","103,34","103,17","104,11","104,49","105,16","105,46","105,16","105,50","105,50","105,52","104,33","104,33","104,53","104,69","106,84","108,78","109,01","109,01","109,45","109,45","109,54","109,62","110,67","110,67","111,41","111,70","111,67","112,40","112,01","112,02","112,53","112,82","115,50","115,64","115,47","115,51","113,24"
SAMPIT,"111,99","111,99","111,99","112,07","112,17","112,17","112,18","112,22","112,28","112,28","112,42","112,45","112,54","112,46","112,48","137,32","137,33","137,33","137,13","138,13","138,57","138,81","138,81","138,80","138,87","138,87","139,09","139,09","139,33","139,67","139,67","139,71","139,80","140,46","141,30","141,69","141,90","142,34","142,38","142,34","142,35","142,37","142,92","144,17","144,17","144,41","144,42","144,43"
KOTA PALANGKA RAYA,"107,91","107,29","107,29","107,29","107,29","107,37","107,86","108,35","109,03","109,10","109,10","109,40","109,46","109,96","109,96","110,00","110,02","110,24","110,12","110,18","110,20","110,20","110,35","110,35","110,46","110,65","111,15","111,77","111,78","112,05","112,05","112,05","112,22","112,69","113,13","113,21","113,26","113,85","114,16","114,16","114,16","114,16","114,16","114,19","114,19","114,29","114,34","114,34"
KOTA BARU,"104,56","101,22","101,22","101,52","101,52","101,73","101,80","102,47","102,39","102,93","104,09","104,02","104,09","104,68","104,08","103,52","103,52","103,41","103,52","103,54","104,41","104,39","104,39","104,39","104,39","104,43","104,43","104,43","105,14","105,14","105,14","106,82","106,82","106,82","106,82","106,89","107,57","107,80","107,80","107,80","107,80","107,80","111,97","112,44","112,44","112,44","112,44","112,44"
TANJUNG,"103,04","103,29","103,29","103,36","103,68","103,68","104,62","104,62","104,62","104,95","105,28","105,46","105,72","105,97","105,97","106,02","106,11","106,47","106,59","106,59","106,67","106,82","106,82","107,54","107,68","108,03","108,17","108,80","109,01","109,48","109,89","110,12","110,22","110,44","110,44","110,44","110,49","111,25","111,25","111,25","111,13","111,13","111,10","111,10","111,10","111,67","111,65","111,65"
KOTA BANJARMASIN,"108,48","110,46","111,58","111,58","112,10","114,67","115,10","115,13","115,12","115,15","116,51","116,58","117,46","118,79","118,79","118,65","118,79","118,80","119,28","119,73","119,98","119,97","119,45","119,68","119,72","119,73","119,78","120,11","120,19","120,33","120,75","120,77","120,79","120,89","120,93","121,30","121,51","122,19","121,33","121,31","122,06","122,08","122,13","121,53","121,70","121,71","121,72","122,04"
KOTA BALIKPAPAN,"104,69","104,74","104,89","104,90","104,91","105,15","105,24","105,24","105,28","105,28","105,28","105,28","105,29","105,50","105,53","105,53","105,53","105,67","109,89","109,61","109,54","109,54","109,54","109,78","109,78","109,79","109,63","109,53","109,77","110,01","110,28","110,34","110,32","110,48","110,48","111,81","111,90","112,63","112,63","112,36","112,36","112,50","113,10","113,03","112,78","114,85","114,92","115,21"
KOTA SAMARINDA,"101,71","101,75","102,00","102,81","102,91","103,03","103,53","103,63","103,74","103,82","103,89","103,98","104,01","104,20","104,42","104,05","104,11","104,14","104,17","104,22","104,30","104,31","104,38","104,40","104,46","104,59","104,32","104,76","105,10","105,17","105,33","105,30","105,35","106,06","106,12","106,13","106,25","106,34","106,46","106,53","106,62","106,60","106,54","106,58","106,54","106,51","106,40","106,49"
TANJUNG SELOR,"101,79","101,77","101,52","102,11","106,08","106,24","106,00","106,02","106,02","106,16","106,44","106,44","106,25","106,27","106,28","105,21","105,21","105,09","105,07","105,15","105,22","104,89","104,90","104,56","104,55","104,68","104,90","104,57","104,51","104,82","105,29","105,42","105,42","105,49","105,36","105,39","107,10","107,97","107,97","108,04","108,07","110,21","110,68","110,79","110,30","110,82","110,35","110,37"
KOTA TARAKAN,"106,15","107,86","107,86","107,86","107,86","108,21","108,28","108,28","108,28","108,28","108,79","108,79","108,79","108,80","108,80","108,80","109,74","109,74","109,84","109,84","109,84","109,86","109,86","109,86","111,59","111,59","111,59","111,68","111,68","111,68","111,73","111,73","111,73","111,73","111,73","111,73","111,73","111,73","111,73","111,72","111,72","111,82","111,82","111,82","111,82","111,82","111,82","111,82"
KOTA MANADO,"107,31","107,65","108,15","108,21","108,21","108,21","108,21","108,41","108,41","108,41","108,41","108,41","108,04","108,04","108,04","108,04","108,04","108,04","108,04","108,05","108,05","108,05","108,05","108,05","108,20","108,20","108,25","108,58","108,98","109,09","109,09","108,96","109,16","109,16","109,16","109,16","109,19","109,25","109,12","109,15","109,30","109,30","109,33","109,40","109,22","109,19","109,19","109,19"
KOTA KOTAMOBAGU,"107,84","110,38","110,44","110,44","110,44","110,44","110,49","110,39","110,39","110,39","110,39","110,39","114,01","114,02","114,09","114,09","114,09","114,09","114,09","114,09","114,09","114,09","114,09","114,09","114,78","114,78","115,41","119,16","119,16","119,16","119,31","123,42","125,75","125,75","126,10","128,43","132,99","133,07","132,18","132,18","132,17","132,34","132,44","132,28","132,18","132,42","132,40","132,90"
LUWUK,"104,03","105,29","104,99","105,47","105,47","105,36","105,74","105,77","105,82","106,01","105,94","105,94","106,33","106,31","106,39","106,49","106,54","107,00","107,01","106,96","106,98","107,00","107,12","107,12","107,12","107,14","107,55","107,62","108,33","108,33","108,12","108,12","108,49","107,99","107,99","106,38","106,12","106,08","106,08","106,08","106,80","106,80","106,80","106,94","106,94","106,59","106,64","107,17"
KOTA PALU,"106,70","106,88","107,52","107,52","107,52","107,56","107,60","107,79","108,44","108,44","108,50","108,52","108,52","108,60","108,70","108,70","108,70","108,35","108,36","110,00","110,90","110,90","110,90","111,21","111,21","110,50","109,70","109,59","109,44","109,93","109,96","110,11","110,73","110,77","111,34","111,50","111,61","111,61","111,12","111,42","111,51","112,06","112,15","111,32","111,58","111,42","111,55","111,55"
BULUKUMBA,"109,37","109,57","110,19","110,19","110,29","110,67","110,84","111,18","111,45","111,45","111,48","111,73","112,17","112,38","114,24","114,29","114,42","114,84","114,88","115,01","115,09","115,07","115,11","115,18","115,18","115,18","115,18","115,30","115,57","115,93","116,09","116,19","116,19","116,19","116,19","116,53","116,70","116,70","116,70","116,77","116,78","116,85","117,15","117,31","117,40","117,57","117,57","117,70"
WATAMPONE,"101,98","101,98","101,98","102,36","102,72","102,72","102,72","102,72","102,72","102,72","102,72","102,72","102,72","102,72","102,72","102,72","102,72","102,72","102,72","102,72","102,72","102,76","102,76","102,90","103,11","103,11","103,08","103,08","103,08","103,08","103,08","103,08","103,08","103,08","103,08","103,08","103,08","103,08","103,08","103,08","103,08","103,08","103,83","103,83","103,89","103,89","103,89","103,89"
KOTA MAKASSAR,"103,52","103,61","103,69","107,25","107,25","107,25","107,25","107,32","107,32","107,33","107,68","107,79","108,14","108,14","108,14","108,14","108,20","108,20","109,13","109,61","109,89","109,93","109,63","109,63","109,43","109,43","109,43","109,52","109,61","110,51","112,47","112,47","112,67","113,25","113,51","113,53","113,69","113,69","113,69","113,69","113,69","113,85","113,86","113,96","113,96","113,96","113,97","113,97"
KOTA PARE-PARE,"103,77","103,77","106,57","106,59","106,61","106,61","110,05","109,80","113,71","113,64","113,71","113,68","114,32","115,00","115,56","115,57","115,53","115,56","115,56","115,58","115,63","115,21","115,21","114,15","114,48","114,08","114,11","114,53","114,55","114,33","115,30","115,09","115,16","115,17","115,22","115,23","115,98","117,27","117,57","117,72","117,61","116,65","116,61","116,66","116,66","117,07","116,86","116,67"
KOTA PALOPO,"100,98","100,98","101,44","102,25","102,25","102,25","102,25","102,25","102,53","103,18","103,18","103,18","103,18","102,91","102,23","102,36","102,58","102,58","102,58","102,58","103,26","103,26","103,26","103,26","103,47","103,47","103,47","103,68","103,68","103,68","103,70","103,70","103,70","104,07","104,13","104,20","104,20","104,21","104,21","104,21","104,21","104,13","104,13","104,13","104,13","104,20","104,21","104,21"
KOTA KENDARI,"105,67","107,69","107,71","107,71","107,71","107,71","107,86","108,12","108,20","108,21","108,29","108,48","108,65","109,14","109,19","109,26","109,32","109,36","110,29","110,09","110,11","110,11","110,11","110,11","110,29","110,80","110,80","110,80","110,80","110,80","110,80","110,83","111,21","111,77","112,16","112,16","112,44","112,44","112,59","112,59","112,83","112,90","112,95","113,53","113,52","112,36","112,84","112,88"
KOTA BUA-BAU,"106,93","106,93","108,30","108,41","108,42","108,31","108,81","108,81","108,69","108,69","108,92","108,94","108,94","108,94","108,94","108,94","109,03","109,03","109,05","109,05","109,05","109,05","109,77","109,77","109,60","109,60","109,60","109,77","109,77","109,77","109,77","109,88","110,34","110,34","110,34","110,34","110,61","110,61","110,61","110,61","110,64","110,66","110,66","110,66","110,66","110,84","110,75","110,75"
KOTA GORONTALO,"102,78","103,34","103,34","103,34","103,66","103,47","103,62","103,62","103,67","103,69","103,69","103,85","103,85","104,15","104,15","104,17","104,17","103,63","103,12","103,38","104,28","105,17","105,70","105,44","105,44","105,75","105,95","106,00","105,42","105,42","105,45","105,48","105,57","105,58","105,58","105,57","105,57","105,59","106,41","106,77","106,77","106,77","107,00","107,00","107,00","107,02","108,62","108,88"
MAMUJU,"101,00","100,29","100,26","99,66","99,66","99,68","99,37","99,34","98,72","98,77","98,78","100,39","100,39","100,62","102,59","101,62","103,01","103,06","103,18","103,19","102,20","101,39","101,04","101,64","101,64","101,44","101,48","100,01","100,03","101,27","102,52","102,66","102,22","103,31","103,43","105,19","103,06","103,06","103,80","104,57","104,85","106,12","106,18","106,69","106,91","106,91","107,40","106,84"
KOTA AMBON,"103,99","103,98","103,98","103,98","104,01","104,40","104,42","103,66","103,60","103,65","103,63","103,80","103,80","108,47","108,47","108,69","109,00","109,05","108,27","108,38","108,45","108,45","108,42","108,77","109,15","109,15","109,36","109,36","111,85","112,23","113,99","114,07","112,33","113,84","113,81","114,70","115,60","115,83","118,03","118,04","116,30","116,28","116,30","116,91","117,41","117,38","117,38","117,45"
KOTA TUAL,"102,43","102,43","102,43","103,70","105,11","105,11","105,82","107,60","107,72","107,72","107,72","106,91","106,91","109,49","109,49","109,49","109,49","109,49","109,49","109,49","109,49","110,09","110,09","110,09","110,09","109,60","109,60","109,60","109,50","109,50","108,99","108,90","107,83","107,83","107,80","108,07","108,07","108,10","108,10","108,10","108,10","108,10","108,10","108,10","108,10","108,10","108,10","108,10"
KOTA TERNATE,"100,79","101,19","103,12","103,12","103,12","103,42","103,64","103,69","104,02","104,67","104,49","104,47","104,45","104,54","104,48","104,48","104,57","104,57","104,57","104,53","104,60","104,57","104,67","104,77","104,77","104,79","104,67","104,48","104,48","104,48","104,48","104,48","104,48","104,48","104,48","104,48","104,48","104,58","104,58","105,67","105,67","105,71","105,71","105,71","105,71","106,01","106,17","106,17"
MANOKWARI,"108,01","108,26","108,13","108,11","109,63","109,92","110,28","110,46","110,46","110,32","110,75","111,53","111,23","111,23","111,94","112,33","112,33","112,24","112,24","112,30","112,69","112,72","113,01","113,03","112,69","112,69","112,69","112,80","112,73","112,66","112,53","112,68","112,81","112,69","112,73","112,73","113,26","114,94","117,29","118,39","118,40","118,42","118,00","118,03","118,03","118,03","118,11","118,11"
KOTA SORONG,"104,63","104,63","106,23","106,30","106,30","106,73","106,94","106,94","106,94","106,96","108,37","109,90","109,90","109,90","109,90","109,85","110,18","109,08","107,48","106,47","105,11","104,87","104,88","106,77","109,31","109,78","109,78","112,58","112,44","112,98","113,01","113,01","113,60","113,92","113,72","114,85","114,23","114,23","114,47","114,72","112,23","112,40","113,47","113,90","116,13","116,33","116,33","116,33"
MERAUKE,"113,15","113,17","113,56","113,50","113,50","113,51","115,15","115,15","117,38","117,86","118,47","118,67","118,67","119,71","120,95","113,53","114,57","114,88","116,16","116,25","117,23","117,29","117,31","117,06","117,06","117,16","117,18","117,36","117,47","117,47","117,41","117,41","117,41","117,47","118,00","118,24","118,24","118,34","118,34","120,45","120,45","124,11","124,16","127,51","127,57","127,95","128,03","128,18"
TIMIKA,"100,00","100,00","100,00","100,00","100,00","100,00","100,12","100,12","100,14","100,14","100,22","100,22","100,36","100,36","100,36","100,37","100,23","100,31","100,31","100,31","100,33","100,20","100,20","100,21","100,21","100,21","100,21","100,21","100,21","100,21","100,21","100,21","99,27","98,60","98,63","98,67","98,67","98,69","98,89","98,03","98,03","97,24","97,24","97,24","97,18","97,17","97,20","97,12"
KOTA JAYAPURA,"104,35","104,16","103,79","103,79","103,79","103,51","104,08","103,56","104,28","104,27","104,15","104,73","105,22","105,81","105,67","105,62","107,81","107,81","107,81","107,81","108,49","108,12","108,12","108,12","110,16","111,12","111,12","113,78","114,88","114,44","114,90","114,64","114,64","114,09","114,09","114,10","114,22","115,46","115,46","115,87","115,87","115,87","115,87","115,87","117,22","117,22","116,90","116,81"
INDONESIA,"105,30","105,66","105,88","106,12","106,41","106,55","106,86","106,92","107,09","107,25","107,59","107,79","107,99","108,20","108,29","108,49","108,57","108,60","108,86","109,21","109,34","109,41","109,42","109,60","109,86","110,22","110,53","110,87","111,08","111,27","111,36","111,48","112,12","112,36","112,59","112,75","113,20","113,46","113,46","113,75","113,88","114,14","114,36","114,48","114,52","114,65","114,89","114,94"