DAERAH,01/2015,02/2015,03/2015,04/2015,05/2015,06/2015,07/2015,08/2015,09/2015,10/2015,11/2015,12/2015,01/2016,02/2016,03/2016,04/2016,05/2016,06/2016,07/2016,08/2016,09/2016,10/2016,11/2016,12/2016,01/2017,02/2017,03/2017,04/2017,05/2017,06/2017,07/2017,08/2017,09/2017,10/2017,11/2017,12/2017,01/2018,02/2018,03/2018,04/2018,05/2018,06/2018,07/2018,08/2018,09/2018,10/2018,11/2018,12/2018,01/2019,02/2019,03/2019,04/2019,05/2019,06/2019,07/2019,08/2019,09/2019,10/2019,11/2019,12/2019
KAB ACEH TENGAH,-,-,-,-,-,-,-,-,-,-,-,-,-,-,-,-,-,-,-,-,-,-,-,-,-,-,-,-,-,-,-,-,-,-,-,-,-,-,-,-,-,-,-,-,-,-,-,-,-,-,-,-,-,-,-,-,-,-,-,-
KOTA MEULABOH,"120,83","117,20","113,79","112,04","113,52","115,05","117,77","114,40","113,47","113,43","114,37","116,51","118,93","119,05","117,93","118,36","119,73","119,85","120,55","120,60","123,93","125,58","125,23","126,57","129,63","129,70","125,82","121,20","120,46","120,12","120,00","120,27","120,71","122,06","126,36","130,17","128,75","127,48","128,04","124,06","126,61","127,06","130,29","130,97","128,41","126,80","127,02","129,24","131,21","127,53","129,58","130,46","136,35","142,65","143,41","141,09","144,54","144,51","141,37","140,33"
KAB ACEH TAMIANG,-,-,-,-,-,-,-,-,-,-,-,-,-,-,-,-,-,-,-,-,-,-,-,-,-,-,-,-,-,-,-,-,-,-,-,-,-,-,-,-,-,-,-,-,-,-,-,-,-,-,-,-,-,-,-,-,-,-,-,-
KOTA BANDA ACEH,"126,58","122,94","117,76","115,72","118,26","123,17","125,84","121,96","120,57","120,18","121,35","123,56","128,30","128,87","127,50","122,85","125,51","130,18","132,39","129,07","133,11","132,29","132,79","135,62","135,22","134,52","131,98","127,95","130,19","133,41","132,70","132,71","134,44","134,35","135,54","141,03","139,40","137,17","135,32","133,94","136,51","140,46","139,00","141,61","136,77","136,47","140,18","140,33","143,74","137,21","134,48","136,29","142,93","144,90","143,20","143,40","139,61","138,38","137,72","139,49"
KOTA LHOKSEUMAWE,"125,65","117,96","113,58","114,66","116,16","119,54","120,33","118,64","119,18","120,91","122,03","126,89","128,28","127,88","126,66","125,98","125,73","126,93","126,63","128,58","134,12","135,27","136,15","145,64","145,14","139,67","132,95","128,35","131,01","132,45","132,59","136,17","137,00","136,95","137,97","145,01","145,71","143,24","141,65","139,17","141,24","145,29","146,04","145,41","140,49","141,95","142,88","146,92","147,56","144,04","139,98","142,49","144,81","145,87","145,25","142,64","140,50","142,88","141,62","144,62"
KAB LABUHANBATU,-,-,-,-,-,-,-,-,-,-,-,-,-,-,-,-,-,-,-,-,-,-,-,-,-,-,-,-,-,-,-,-,-,-,-,-,-,-,-,-,-,-,-,-,-,-,-,-,-,-,-,-,-,-,-,-,-,-,-,-
KAB KARO,-,-,-,-,-,-,-,-,-,-,-,-,-,-,-,-,-,-,-,-,-,-,-,-,-,-,-,-,-,-,-,-,-,-,-,-,-,-,-,-,-,-,-,-,-,-,-,-,-,-,-,-,-,-,-,-,-,-,-,-
KAB DELI SERDANG,-,-,-,-,-,-,-,-,-,-,-,-,-,-,-,-,-,-,-,-,-,-,-,-,-,-,-,-,-,-,-,-,-,-,-,-,-,-,-,-,-,-,-,-,-,-,-,-,-,-,-,-,-,-,-,-,-,-,-,-
KOTA SIBOLGA,"133,82","123,37","121,55","122,54","128,18","132,87","138,11","134,86","126,72","124,33","126,83","133,74","139,97","139,81","142,89","135,32","131,62","134,74","137,10","138,18","145,76","151,44","155,78","156,90","155,84","147,58","143,83","141,56","142,77","141,07","139,49","143,96","147,40","148,69","154,00","154,60","158,25","155,18","158,31","154,42","152,11","151,61","153,91","151,90","149,51","154,39","152,50","152,78","150,85","148,37","149,07","154,10","156,79","167,73","175,99","172,63","162,28","159,59","156,10","156,57"
KOTA PEMATANG SIANTAR,"124,84","119,60","118,37","117,91","122,16","127,04","125,53","124,15","122,17","122,85","123,72","128,40","130,65","128,53","130,70","128,30","130,83","131,66","131,90","134,01","135,67","138,00","141,85","144,06","145,17","142,25","142,78","140,57","139,74","137,63","138,82","142,25","144,27","144,19","144,82","146,75","148,93","145,54","145,78","147,68","147,37","146,45","148,01","147,66","145,77","148,51","147,92","149,63","149,41","146,89","148,07","153,43","156,48","160,09","159,51","155,53","148,78","148,81","148,22","149,98"
KOTA MEDAN,"126,11","120,57","118,15","119,61","124,29","127,12","129,36","129,17","124,48","122,13","122,97","129,43","132,39","133,79","136,47","131,18","132,58","134,48","131,78","134,20","140,07","146,37","149,76","149,56","147,59","142,27","140,52","136,18","135,60","133,57","134,14","141,14","146,75","147,41","149,48","153,43","156,33","150,00","152,84","151,39","145,84","142,86","145,62","145,91","145,57","151,68","146,68","146,31","144,38","141,74","144,11","151,23","158,47","168,60","174,14","176,04","162,71","158,88","154,27","151,85"
KOTA PADANGSIDIMPUAN,"122,93","116,56","115,59","116,00","118,32","119,45","121,60","120,46","116,08","115,48","117,17","123,49","126,62","124,90","127,34","124,88","125,59","125,57","130,02","128,48","131,05","132,01","135,56","134,41","135,61","132,86","129,90","129,10","128,28","129,09","128,10","129,90","131,24","131,87","134,45","137,30","137,09","133,05","134,14","136,20","132,73","131,19","133,17","133,06","131,80","131,61","133,14","134,67","136,31","133,16","133,91","135,41","136,30","142,62","142,67","142,70","135,22","135,12","134,70","133,75"
KOTA GUNUNGSITOLI,-,-,-,-,-,-,-,-,-,-,-,-,-,-,-,-,-,-,-,-,-,-,-,-,-,-,-,-,-,-,-,-,-,-,-,-,-,-,-,-,-,-,-,-,-,-,-,-,-,-,-,-,-,-,-,-,-,-,-,-
KAB DHARMASRAYA,-,-,-,-,-,-,-,-,-,-,-,-,-,-,-,-,-,-,-,-,-,-,-,-,-,-,-,-,-,-,-,-,-,-,-,-,-,-,-,-,-,-,-,-,-,-,-,-,-,-,-,-,-,-,-,-,-,-,-,-
KAB PASAMAN BARAT,-,-,-,-,-,-,-,-,-,-,-,-,-,-,-,-,-,-,-,-,-,-,-,-,-,-,-,-,-,-,-,-,-,-,-,-,-,-,-,-,-,-,-,-,-,-,-,-,-,-,-,-,-,-,-,-,-,-,-,-
KOTA PADANG,"136,41","126,04","124,40","124,96","127,76","131,37","134,74","136,04","132,80","129,98","131,80","137,26","138,43","140,62","143,01","139,85","137,07","136,54","141,82","144,48","147,03","148,90","154,39","152,12","150,19","147,23","147,11","143,11","141,93","141,11","138,56","139,40","139,99","140,14","142,16","145,19","146,23","145,31","145,71","145,09","147,21","147,91","149,68","148,23","145,72","148,63","149,51","148,39","147,46","143,78","144,49","146,81","151,30","156,44","160,68","160,48","154,14","152,41","150,35","150,14"
KOTA BUKITTINGGI,"133,15","122,29","118,41","118,90","120,94","121,92","126,83","127,70","123,23","120,37","124,42","132,74","134,15","132,43","138,06","130,56","127,25","129,99","135,39","136,40","141,22","142,85","148,18","144,19","142,44","139,86","141,03","139,27","136,60","136,35","136,61","137,64","138,34","138,72","139,86","141,47","143,74","141,95","142,93","143,09","140,41","140,59","141,79","140,08","138,35","141,18","142,89","143,94","140,79","137,16","137,39","139,45","142,58","148,46","150,94","151,02","144,12","144,14","143,28","142,39"
TEMBILAHAN,"137,90","132,88","131,56","132,84","135,61","137,28","139,91","140,22","137,52","135,79","136,59","139,55","141,65","140,60","141,44","140,49","140,45","142,89","144,12","145,26","144,56","146,74","147,63","147,98","149,98","147,58","146,78","144,84","145,70","145,45","145,09","147,78","146,97","147,07","147,31","149,23","150,94","148,03","154,93","155,90","156,66","155,59","157,43","154,61","150,15","149,24","152,98","156,67","156,52","153,14","155,32","160,85","167,15","169,97","171,33","167,41","165,45","162,33","160,82","160,50"
KAB KAMPAR,-,-,-,-,-,-,-,-,-,-,-,-,-,-,-,-,-,-,-,-,-,-,-,-,-,-,-,-,-,-,-,-,-,-,-,-,-,-,-,-,-,-,-,-,-,-,-,-,-,-,-,-,-,-,-,-,-,-,-,-
KOTA PEKANBARU,"122,92","121,53","119,89","120,23","121,84","124,63","126,71","127,94","124,45","122,52","124,56","130,49","132,09","128,95","131,99","126,20","126,23","127,93","131,48","132,63","136,20","139,42","143,59","143,98","144,71","140,41","142,00","140,21","139,93","138,22","139,28","140,37","140,73","142,19","143,09","145,48","147,46","144,52","146,92","146,88","146,30","144,00","144,43","146,25","144,20","146,62","147,71","148,02","146,52","144,27","144,10","146,61","149,23","157,12","162,50","164,28","162,38","161,77","160,21","158,42"
KOTA DUMAI,"126,23","122,75","120,77","120,35","123,21","125,01","125,56","125,98","123,22","122,48","121,86","123,43","126,03","127,57","127,82","126,05","125,69","128,55","130,45","129,97","131,51","132,27","133,83","133,75","136,53","140,27","138,38","134,73","134,03","135,33","135,78","136,01","135,73","135,80","137,25","139,74","140,71","138,92","139,09","139,61","139,52","141,49","139,50","137,40","134,70","136,34","139,28","140,55","140,38","136,94","137,40","139,07","143,27","146,43","148,15","145,88","141,20","140,95","140,05","140,00"
KAB KERINCI,-,-,-,-,-,-,-,-,-,-,-,-,-,-,-,-,-,-,-,-,-,-,-,-,-,-,-,-,-,-,-,-,-,-,-,-,-,-,-,-,-,-,-,-,-,-,-,-,-,-,-,-,-,-,-,-,-,-,-,-
BUNGO,"119,47","113,55","109,04","107,42","108,57","110,61","116,22","117,81","115,72","113,83","113,74","118,46","120,65","121,89","119,73","119,87","114,86","118,73","120,33","118,88","117,85","119,30","120,89","119,63","120,57","118,12","119,30","119,68","120,25","119,95","119,79","118,90","117,32","119,46","121,46","122,42","123,40","121,53","122,18","122,27","121,40","121,09","121,76","121,38","119,40","121,17","122,29","122,57","122,79","121,67","122,57","124,52","131,65","136,50","137,25","136,15","133,15","132,03","129,27","129,18"
KOTA JAMBI,"122,28","115,35","112,48","111,19","116,22","119,05","122,77","122,79","117,34","116,84","118,70","121,87","123,42","124,59","124,48","120,06","121,49","123,97","126,59","124,77","123,86","129,08","130,82","130,64","132,47","124,66","125,50","126,01","126,40","125,57","125,59","124,29","122,20","122,42","125,87","130,52","135,52","129,42","132,37","132,47","131,21","134,97","134,09","131,13","124,82","126,21","125,45","129,07","125,72","122,47","123,84","126,46","129,11","134,36","136,45","131,78","130,81","131,27","130,21","131,68"
KAB OGAN KOMERING ILIR,-,-,-,-,-,-,-,-,-,-,-,-,-,-,-,-,-,-,-,-,-,-,-,-,-,-,-,-,-,-,-,-,-,-,-,-,-,-,-,-,-,-,-,-,-,-,-,-,-,-,-,-,-,-,-,-,-,-,-,-
KAB MUARA ENIM,-,-,-,-,-,-,-,-,-,-,-,-,-,-,-,-,-,-,-,-,-,-,-,-,-,-,-,-,-,-,-,-,-,-,-,-,-,-,-,-,-,-,-,-,-,-,-,-,-,-,-,-,-,-,-,-,-,-,-,-
KOTA PALEMBANG,"117,79","114,72","113,15","113,60","115,59","117,37","121,42","120,98","119,18","118,91","121,35","125,96","127,08","125,80","126,71","126,19","126,55","126,71","129,14","126,25","127,87","126,37","129,09","130,42","131,27","130,11","129,50","127,61","129,63","131,09","130,92","129,27","128,09","127,93","128,92","131,62","134,35","133,60","134,54","134,89","135,32","136,91","137,94","136,43","132,78","132,04","132,69","135,36","135,94","132,88","132,67","135,63","137,14","140,07","141,29","139,79","136,45","135,80","136,84","138,63"
KOTA LUBUKLINGGAU,"119,10","113,02","111,93","113,09","114,76","117,34","122,34","122,87","120,91","118,32","119,33","125,31","126,25","123,29","125,09","123,00","124,07","126,77","126,98","125,28","128,02","129,07","130,93","131,11","130,96","129,27","128,76","126,90","128,11","128,35","127,44","128,24","125,78","124,98","126,84","130,53","134,71","134,29","135,36","136,34","136,15","136,53","137,03","136,16","133,89","133,58","134,28","135,75","136,55","133,71","134,14","135,93","139,13","140,94","143,14","142,44","140,03","140,09","139,91","140,15"
KAB MUKO MUKO,-,-,-,-,-,-,-,-,-,-,-,-,-,-,-,-,-,-,-,-,-,-,-,-,-,-,-,-,-,-,-,-,-,-,-,-,-,-,-,-,-,-,-,-,-,-,-,-,-,-,-,-,-,-,-,-,-,-,-,-
KOTA BENGKULU,"135,57","130,40","129,23","128,17","129,21","133,09","136,45","138,67","138,58","136,64","136,56","139,10","141,42","137,75","139,60","135,22","136,58","138,37","140,88","142,40","142,76","144,36","144,24","144,46","145,09","142,72","143,56","140,43","141,96","142,09","142,14","141,60","140,93","140,61","139,50","142,01","146,65","145,74","146,39","146,08","146,31","147,95","149,34","149,24","145,97","146,74","145,40","145,28","146,53","144,29","144,71","145,46","149,70","155,05","158,40","156,39","155,45","154,30","152,12","152,17"
KAB LAMPUNG TIMUR,-,-,-,-,-,-,-,-,-,-,-,-,-,-,-,-,-,-,-,-,-,-,-,-,-,-,-,-,-,-,-,-,-,-,-,-,-,-,-,-,-,-,-,-,-,-,-,-,-,-,-,-,-,-,-,-,-,-,-,-
KAB MESUJI,-,-,-,-,-,-,-,-,-,-,-,-,-,-,-,-,-,-,-,-,-,-,-,-,-,-,-,-,-,-,-,-,-,-,-,-,-,-,-,-,-,-,-,-,-,-,-,-,-,-,-,-,-,-,-,-,-,-,-,-
KOTA BANDAR LAMPUNG,"126,41","125,19","125,02","125,74","127,80","130,83","134,03","135,85","134,92","132,01","132,37","137,44","138,79","136,72","139,05","136,35","136,27","139,28","140,79","139,50","139,05","139,84","142,01","142,73","143,37","143,65","143,06","140,13","144,03","144,73","143,67","141,89","140,79","141,41","142,56","144,57","148,45","148,60","148,91","147,83","147,51","150,55","151,55","149,41","146,12","145,85","145,40","146,13","147,49","143,95","145,60","149,75","153,00","156,78","160,99","160,78","155,86","152,62","152,72","154,69"
KOTA METRO,"147,37","147,02","146,73","145,49","147,69","150,28","153,34","150,58","150,30","150,41","149,15","152,83","156,47","156,35","156,39","153,73","153,29","154,88","155,97","157,54","157,93","157,38","159,95","160,43","161,74","161,14","158,60","156,08","158,53","158,69","158,09","156,22","155,80","156,68","157,04","158,36","160,73","161,80","162,51","161,91","159,57","160,58","160,69","159,83","158,20","158,12","158,70","159,74","159,99","159,62","160,22","162,18","163,07","165,36","167,61","168,02","165,49","164,33","166,18","168,02"
TANJUNG PANDAN,"147,11","139,86","130,33","127,06","129,77","132,82","128,69","137,23","142,50","133,85","129,64","132,47","130,94","136,75","131,29","128,72","131,59","136,27","140,72","139,39","137,45","138,50","142,39","142,96","148,03","147,05","139,29","140,62","142,35","146,74","145,72","146,95","140,49","140,70","141,73","144,74","147,51","146,21","145,16","142,75","141,73","144,23","150,26","152,80","145,83","146,12","142,03","142,79","149,23","142,41","141,76","146,60","148,16","146,64","152,29","151,52","150,51","151,21","147,10","151,16"
KAB BANGKA BARAT,-,-,-,-,-,-,-,-,-,-,-,-,-,-,-,-,-,-,-,-,-,-,-,-,-,-,-,-,-,-,-,-,-,-,-,-,-,-,-,-,-,-,-,-,-,-,-,-,-,-,-,-,-,-,-,-,-,-,-,-
KAB BELITUNG TIMUR,-,-,-,-,-,-,-,-,-,-,-,-,-,-,-,-,-,-,-,-,-,-,-,-,-,-,-,-,-,-,-,-,-,-,-,-,-,-,-,-,-,-,-,-,-,-,-,-,-,-,-,-,-,-,-,-,-,-,-,-
KOTA PANGKAL PINANG,"123,95","121,00","115,37","117,14","114,42","112,93","121,84","124,38","126,75","123,80","118,65","124,07","128,36","128,93","129,77","123,96","123,90","131,47","132,92","135,50","136,32","133,97","136,62","140,81","145,01","139,58","139,78","140,58","140,48","140,67","141,38","140,65","139,84","139,99","140,19","143,48","151,39","148,26","148,79","148,35","147,21","152,23","156,27","154,06","151,21","149,20","146,67","151,72","155,28","151,29","147,56","149,85","157,96","164,10","161,53","161,85","160,58","160,54","155,83","156,46"
KAB KARIMUN,-,-,-,-,-,-,-,-,-,-,-,-,-,-,-,-,-,-,-,-,-,-,-,-,-,-,-,-,-,-,-,-,-,-,-,-,-,-,-,-,-,-,-,-,-,-,-,-,-,-,-,-,-,-,-,-,-,-,-,-
KOTA BATAM,"121,91","118,58","118,01","116,76","120,49","124,40","129,39","132,13","130,58","125,94","128,91","133,88","137,31","133,15","134,29","130,77","129,69","133,28","136,34","133,69","132,34","132,82","138,73","138,10","138,47","137,41","132,55","130,71","132,49","133,70","134,49","134,69","136,20","138,29","138,48","141,35","147,14","142,69","144,44","142,43","142,45","144,84","148,33","144,80","143,27","142,75","145,51","146,39","146,06","144,32","144,28","145,83","150,65","155,38","157,47","152,79","150,82","149,36","149,52","155,58"
KOTA TANJUNG PINANG,"127,61","126,06","123,94","124,57","126,23","129,33","131,64","130,72","129,83","127,94","128,17","131,12","134,55","135,99","137,86","131,96","131,22","133,10","135,96","136,55","136,12","136,88","138,33","137,66","138,87","141,22","137,43","134,77","136,01","135,07","136,47","138,48","140,07","139,96","139,69","143,42","144,61","145,15","144,05","142,82","144,46","144,56","146,60","147,64","145,68","146,44","144,65","147,08","149,34","148,66","145,87","145,68","149,60","151,26","154,70","152,28","151,45","149,01","147,97","153,91"
DKI JAKARTA,"131,57","130,62","130,44","129,28","130,54","132,28","134,92","136,62","135,77","134,19","134,07","137,79","140,27","139,54","140,57","140,27","141,79","143,66","145,62","144,10","143,71","143,16","144,97","145,10","146,10","146,61","146,11","144,44","146,10","147,15","147,74","147,03","145,70","145,29","145,23","148,47","151,85","153,53","152,91","151,84","152,62","153,78","155,61","153,65","151,95","151,74","152,68","155,48","157,62","156,84","156,75","158,28","161,49","163,59","165,00","165,62","163,19","162,79","163,16","164,70"
KAB BANDUNG,-,-,-,-,-,-,-,-,-,-,-,-,-,-,-,-,-,-,-,-,-,-,-,-,-,-,-,-,-,-,-,-,-,-,-,-,-,-,-,-,-,-,-,-,-,-,-,-,-,-,-,-,-,-,-,-,-,-,-,-
KAB MAJALENGKA,-,-,-,-,-,-,-,-,-,-,-,-,-,-,-,-,-,-,-,-,-,-,-,-,-,-,-,-,-,-,-,-,-,-,-,-,-,-,-,-,-,-,-,-,-,-,-,-,-,-,-,-,-,-,-,-,-,-,-,-
KAB SUBANG,-,-,-,-,-,-,-,-,-,-,-,-,-,-,-,-,-,-,-,-,-,-,-,-,-,-,-,-,-,-,-,-,-,-,-,-,-,-,-,-,-,-,-,-,-,-,-,-,-,-,-,-,-,-,-,-,-,-,-,-
KOTA BOGOR,"122,22","120,49","122,23","121,90","123,19","125,37","127,18","129,00","127,65","123,54","125,04","128,57","133,53","133,22","133,54","132,32","133,51","135,01","135,75","136,23","136,15","136,36","138,18","137,77","138,39","138,48","137,67","136,87","139,06","139,92","140,01","137,11","135,89","135,30","136,04","138,75","142,34","143,36","143,97","143,98","144,06","145,75","145,29","142,18","139,70","140,66","141,60","143,67","144,21","141,57","143,33","146,91","148,34","150,91","151,43","151,15","145,84","145,84","146,55","148,15"
KOTA SUKABUMI,"122,21","122,36","121,19","119,49","121,19","121,34","122,11","123,74","121,86","121,15","121,97","123,56","126,74","126,76","125,78","127,00","127,18","129,01","132,66","131,26","130,92","130,03","131,56","132,58","132,76","132,70","132,86","132,94","134,46","136,30","135,04","135,36","134,33","133,86","133,88","136,65","140,52","140,54","140,18","140,10","141,15","142,02","144,45","142,84","140,03","140,11","139,88","142,22","143,16","141,08","140,79","143,06","144,34","144,73","145,98","144,03","141,68","141,10","142,49","143,73"
KOTA BANDUNG,"126,64","124,99","125,04","124,81","126,24","128,09","130,24","133,07","131,36","130,36","131,00","134,18","138,03","136,27","137,02","137,07","137,94","140,71","142,10","140,48","139,88","140,20","141,76","143,22","142,93","142,95","142,32","140,83","142,81","143,61","141,92","140,13","139,61","139,17","140,07","142,29","146,27","146,49","146,80","147,30","147,77","149,56","151,10","149,65","146,60","147,17","147,41","149,03","150,26","148,35","148,73","151,37","153,83","154,70","155,98","156,38","153,75","152,47","152,92","154,50"
KOTA CIREBON,"131,83","129,91","125,05","123,76","125,38","126,56","127,80","128,97","126,52","126,37","127,19","128,60","132,03","130,76","131,05","131,19","132,49","134,43","134,62","133,44","134,53","134,79","136,95","137,09","137,53","136,71","135,77","136,22","138,59","139,97","140,17","138,31","137,55","136,92","137,22","140,60","145,59","146,37","144,51","143,98","144,37","146,99","148,51","145,91","143,11","142,79","144,67","148,06","149,34","147,34","147,73","149,50","151,47","151,00","152,05","151,68","148,96","148,49","149,69","151,47"
KOTA BEKASI,"126,68","127,89","124,65","123,12","124,41","126,28","128,71","132,46","128,99","127,23","127,05","131,49","134,98","134,93","136,20","134,43","134,00","138,71","138,50","138,03","137,19","136,13","140,45","141,09","141,45","140,44","141,41","139,73","140,96","142,54","142,23","141,57","140,39","140,63","139,98","141,98","146,12","146,95","149,28","146,46","149,30","146,98","150,39","148,43","146,31","145,70","145,40","147,82","150,09","150,82","150,76","152,89","156,32","157,49","158,74","158,04","155,34","154,50","155,73","156,75"
KOTA DEPOK,"128,10","125,33","124,93","122,05","124,13","125,75","130,96","131,59","129,64","127,14","127,22","132,28","135,57","133,34","136,03","135,18","136,64","141,17","141,83","140,29","140,39","139,62","141,80","141,59","141,48","141,52","140,80","139,74","141,59","142,99","143,98","141,91","140,64","139,18","139,93","142,53","146,05","147,56","147,58","145,77","146,63","149,96","150,23","147,68","144,73","145,00","145,33","146,53","147,74","145,65","146,22","148,77","151,59","154,43","154,70","155,63","151,90","151,09","151,82","152,78"
KOTA TASIKMALAYA,"127,04","128,14","127,43","123,45","124,22","128,28","129,34","130,85","128,37","128,80","130,33","133,21","137,48","135,40","135,26","134,93","136,25","141,13","142,31","139,51","138,42","137,74","138,80","140,18","140,35","140,02","139,64","140,22","141,61","141,90","141,33","140,87","141,62","140,26","140,76","143,74","150,15","148,58","148,03","146,89","148,51","151,12","151,73","148,60","145,47","144,62","146,25","148,17","148,81","147,42","147,54","149,07","151,54","152,69","153,93","153,15","149,44","148,83","149,33","151,86"
CILACAP,"123,66","123,36","121,83","118,75","119,73","121,03","124,56","124,93","124,74","123,46","123,66","127,54","130,94","129,58","130,20","129,13","129,12","130,92","134,90","132,65","131,18","130,90","133,29","133,25","134,28","134,04","132,07","129,61","132,30","134,23","132,01","128,74","129,28","129,42","131,59","135,18","142,50","141,82","139,51","136,95","136,16","137,68","137,30","135,70","133,86","135,13","136,66","139,01","139,95","137,45","139,43","139,71","139,53","142,63","143,09","144,59","139,80","138,22","139,20","142,07"
PURWOKERTO,"126,46","124,36","123,61","121,57","123,32","125,65","128,47","128,99","128,11","127,88","128,14","131,97","135,01","132,81","135,57","134,46","134,40","135,80","138,85","136,50","136,33","136,04","139,64","140,29","141,06","141,80","140,68","138,47","141,02","143,97","144,12","140,48","139,53","139,83","141,16","143,87","149,91","149,37","145,83","145,08","144,39","147,73","145,99","144,35","142,56","143,27","144,77","147,49","148,10","145,47","146,05","146,99","148,96","150,80","153,77","154,68","150,44","149,20","149,43","151,82"
KAB WONOSOBO,-,-,-,-,-,-,-,-,-,-,-,-,-,-,-,-,-,-,-,-,-,-,-,-,-,-,-,-,-,-,-,-,-,-,-,-,-,-,-,-,-,-,-,-,-,-,-,-,-,-,-,-,-,-,-,-,-,-,-,-
KAB WONOGIRI,-,-,-,-,-,-,-,-,-,-,-,-,-,-,-,-,-,-,-,-,-,-,-,-,-,-,-,-,-,-,-,-,-,-,-,-,-,-,-,-,-,-,-,-,-,-,-,-,-,-,-,-,-,-,-,-,-,-,-,-
KAB REMBANG,-,-,-,-,-,-,-,-,-,-,-,-,-,-,-,-,-,-,-,-,-,-,-,-,-,-,-,-,-,-,-,-,-,-,-,-,-,-,-,-,-,-,-,-,-,-,-,-,-,-,-,-,-,-,-,-,-,-,-,-
KUDUS,"137,83","136,23","134,01","131,85","133,58","135,57","138,32","139,28","138,88","138,22","138,34","143,10","145,59","143,33","145,98","143,73","144,11","144,10","148,59","144,91","144,22","145,23","148,26","149,52","152,02","154,41","153,37","152,04","154,83","155,47","153,38","148,65","148,11","146,55","147,96","151,74","156,68","158,48","157,60","156,88","155,56","156,31","155,83","154,77","153,82","154,07","154,93","157,94","159,42","158,19","158,62","159,39","159,91","161,65","162,71","165,07","163,22","162,99","164,68","165,93"
KOTA SURAKARTA,"128,73","125,54","125,26","124,80","126,59","128,89","132,24","131,73","128,54","129,18","129,66","134,96","137,11","136,29","137,37","137,30","136,40","137,06","138,87","137,58","136,81","135,97","138,92","140,28","140,69","142,43","139,83","138,71","140,49","142,76","139,76","136,26","133,79","133,49","133,45","138,89","142,54","145,76","145,98","144,42","143,10","146,24","146,02","142,26","140,19","140,73","140,51","141,85","142,74","142,05","143,72","147,07","146,82","147,80","149,61","148,43","145,09","145,89","146,89","149,31"
KOTA SEMARANG,"128,03","125,36","125,31","123,84","126,29","128,58","131,58","133,84","131,20","130,10","130,61","135,31","138,16","136,65","139,11","137,26","137,29","139,21","141,58","141,00","140,65","140,40","143,38","143,37","143,66","143,67","141,42","140,25","142,59","142,91","141,95","139,38","138,78","137,87","139,54","143,19","147,70","149,40","149,14","148,29","147,35","149,34","149,27","147,92","146,46","146,75","147,16","149,09","150,50","147,87","149,07","151,97","153,51","155,85","158,02","158,50","156,08","155,35","156,37","158,68"
KOTA TEGAL,"122,29","120,78","120,29","115,96","118,29","121,91","125,51","124,24","123,01","122,78","123,66","127,88","130,69","129,75","131,13","128,23","128,80","130,10","133,07","131,35","131,21","130,95","132,55","131,83","133,06","132,43","129,90","128,00","131,68","133,14","132,43","129,92","130,88","131,15","132,23","135,27","140,72","140,36","137,42","135,39","135,23","138,58","137,45","134,41","132,41","133,69","134,28","137,45","138,27","134,34","135,13","137,93","137,81","141,25","142,12","141,34","137,23","137,76","138,53","140,90"
KAB GUNUNGKIDUL,-,-,-,-,-,-,-,-,-,-,-,-,-,-,-,-,-,-,-,-,-,-,-,-,-,-,-,-,-,-,-,-,-,-,-,-,-,-,-,-,-,-,-,-,-,-,-,-,-,-,-,-,-,-,-,-,-,-,-,-
KOTA YOGYAKARTA,"129,51","127,91","127,39","125,00","126,02","127,08","128,57","129,70","129,68","128,79","128,96","132,82","136,89","135,41","136,32","137,21","136,84","138,14","140,30","139,00","137,47","135,66","137,44","139,15","139,74","140,30","139,22","137,45","139,41","139,58","139,70","138,30","136,95","137,21","138,01","142,92","145,45","146,07","146,38","145,59","144,98","146,54","147,83","146,36","144,03","143,76","145,56","147,42","148,33","147,05","148,45","151,37","152,65","152,29","153,36","152,74","150,69","150,01","151,30","152,96"
KAB TULUNGAGUNG,-,-,-,-,-,-,-,-,-,-,-,-,-,-,-,-,-,-,-,-,-,-,-,-,-,-,-,-,-,-,-,-,-,-,-,-,-,-,-,-,-,-,-,-,-,-,-,-,-,-,-,-,-,-,-,-,-,-,-,-
JEMBER,"122,28","120,60","119,92","117,81","118,63","118,67","122,26","123,70","123,67","122,85","123,84","124,94","127,45","127,83","126,96","126,27","125,81","126,77","128,13","126,38","126,15","124,40","125,48","128,86","131,88","129,79","128,24","127,56","128,75","128,59","128,37","127,57","127,46","125,93","127,46","130,63","133,04","133,51","131,76","132,23","132,74","135,68","134,10","133,15","131,44","131,59","132,81","135,51","136,18","134,77","133,91","135,82","137,45","135,76","136,89","136,70","134,47","134,72","135,87","138,26"
BANYUWANGI,"129,60","125,88","126,25","123,94","125,60","126,42","127,34","128,36","127,52","126,15","126,43","129,49","131,90","131,76","130,77","129,38","129,17","131,00","131,22","129,61","128,96","129,01","129,45","130,69","130,51","128,42","126,27","125,46","125,53","124,44","124,76","123,08","122,03","120,11","121,20","123,83","126,25","126,61","126,74","125,46","125,40","127,09","126,11","124,78","121,23","119,85","120,40","122,59","123,64","122,84","123,35","123,83","124,21","124,30","124,54","123,41","121,83","121,46","122,09","122,52"
KAB BOJONEGORO,-,-,-,-,-,-,-,-,-,-,-,-,-,-,-,-,-,-,-,-,-,-,-,-,-,-,-,-,-,-,-,-,-,-,-,-,-,-,-,-,-,-,-,-,-,-,-,-,-,-,-,-,-,-,-,-,-,-,-,-
KAB GRESIK,-,-,-,-,-,-,-,-,-,-,-,-,-,-,-,-,-,-,-,-,-,-,-,-,-,-,-,-,-,-,-,-,-,-,-,-,-,-,-,-,-,-,-,-,-,-,-,-,-,-,-,-,-,-,-,-,-,-,-,-
SUMENEP,"120,91","119,07","119,43","117,96","119,42","120,45","123,76","123,29","122,25","122,39","123,97","127,56","129,94","129,03","126,47","125,43","126,42","128,31","130,07","128,09","127,04","126,54","128,31","131,00","128,73","129,00","127,12","125,93","128,31","128,30","128,25","126,18","125,59","125,21","127,74","130,48","133,19","132,49","130,86","129,92","131,16","134,02","133,18","131,43","131,29","131,68","132,52","134,99","136,60","134,43","133,68","135,60","138,55","138,44","137,85","137,46","135,84","136,98","139,23","140,72"
KOTA KEDIRI,"119,12","116,22","115,21","113,60","114,38","115,11","116,35","116,56","115,70","114,45","114,92","118,76","121,73","120,17","120,85","120,10","119,91","120,31","122,65","120,25","119,24","118,29","120,70","121,68","121,12","122,12","120,23","119,99","121,40","121,55","120,91","119,88","118,83","118,09","119,39","121,72","121,87","122,88","123,05","123,50","122,42","123,52","123,89","122,68","121,62","121,86","123,34","125,45","126,89","126,35","127,50","129,80","128,93","128,33","130,19","127,98","125,85","126,66","128,74","130,87"
KOTA MALANG,"124,75","123,13","122,22","121,33","122,78","124,15","125,24","126,64","125,70","125,31","125,93","130,85","134,29","135,14","136,01","134,63","133,98","135,55","138,20","136,52","136,17","134,85","136,98","137,32","140,61","141,70","139,67","138,53","140,04","139,09","138,87","136,54","135,91","136,01","137,09","140,32","144,04","143,87","143,54","144,08","141,84","141,92","143,39","141,36","139,70","140,49","141,17","143,27","144,90","142,62","142,94","143,99","145,76","145,05","147,97","148,36","147,24","145,92","146,19","147,67"
KOTA PROBOLINGGO,"123,23","122,53","120,49","118,92","120,30","121,24","122,64","123,30","122,89","122,42","122,78","124,25","126,41","125,61","124,53","124,80","124,74","125,45","126,45","125,30","124,16","122,73","123,88","124,82","125,53","124,58","122,56","122,36","123,46","123,62","123,18","122,33","122,56","121,61","122,70","125,55","126,44","126,85","125,46","125,77","126,31","128,13","128,54","127,13","125,52","125,66","127,16","129,46","130,13","129,29","128,21","129,59","131,54","132,14","132,74","133,81","132,40","132,23","133,47","134,31"
KOTA MADIUN,"120,85","119,45","119,13","118,01","118,61","119,59","121,61","121,94","119,92","119,14","119,10","121,39","124,37","122,92","123,35","124,57","124,03","124,56","126,60","122,76","121,59","120,41","122,64","123,89","125,09","125,33","123,38","122,84","124,77","125,55","124,75","123,57","123,39","123,04","123,64","126,45","130,23","131,19","130,39","130,49","130,16","132,13","132,17","130,13","127,95","127,90","129,07","130,34","131,92","131,09","131,94","134,06","135,67","134,61","135,23","134,05","131,80","131,79","132,16","133,55"
KOTA SURABAYA,"126,69","125,21","125,01","124,09","124,57","125,84","126,49","128,67","128,37","126,47","126,26","130,12","133,24","132,80","133,01","133,71","132,90","135,02","137,04","135,89","134,23","132,20","132,82","133,98","135,97","135,47","134,15","133,24","134,68","135,27","135,07","132,72","131,83","130,99","131,49","135,44","138,75","139,02","138,92","139,38","139,45","140,43","141,06","139,78","139,07","138,59","138,73","141,69","142,92","141,64","141,31","143,91","144,56","143,83","144,60","143,38","141,84","141,15","142,45","145,22"
KAB PANDEGLANG,-,-,-,-,-,-,-,-,-,-,-,-,-,-,-,-,-,-,-,-,-,-,-,-,-,-,-,-,-,-,-,-,-,-,-,-,-,-,-,-,-,-,-,-,-,-,-,-,-,-,-,-,-,-,-,-,-,-,-,-
KAB LEBAK,-,-,-,-,-,-,-,-,-,-,-,-,-,-,-,-,-,-,-,-,-,-,-,-,-,-,-,-,-,-,-,-,-,-,-,-,-,-,-,-,-,-,-,-,-,-,-,-,-,-,-,-,-,-,-,-,-,-,-,-
KOTA TANGERANG,"133,78","130,02","130,19","130,91","132,99","135,81","139,06","138,99","136,67","134,44","134,06","137,86","144,05","142,64","142,79","140,75","140,67","142,96","143,10","142,80","144,07","144,15","147,57","148,91","149,22","149,42","147,07","144,56","147,69","149,20","148,82","146,67","145,28","144,46","145,51","148,20","149,63","150,09","150,92","152,72","152,80","151,52","153,56","152,52","149,68","148,28","149,11","151,90","152,94","151,29","149,77","152,40","155,38","157,92","158,25","159,59","158,11","157,75","159,83","160,37"
KOTA CILEGON,"128,50","126,39","127,12","126,79","128,74","129,42","132,03","133,59","132,71","131,52","130,75","134,97","138,06","136,71","138,03","136,89","138,51","141,19","143,99","142,63","141,09","140,36","142,18","143,33","145,31","145,58","144,99","144,22","146,23","147,66","148,60","148,14","147,44","147,74","149,19","151,68","153,81","154,64","153,80","153,61","155,77","157,16","157,64","153,80","152,61","151,83","152,76","155,08","156,56","155,12","157,12","159,55","161,56","162,34","163,81","164,08","160,93","159,51","161,58","163,63"
KOTA SERANG,"133,66","131,75","128,35","127,14","130,09","132,26","132,99","134,10","132,46","130,03","130,76","135,81","140,66","139,53","140,38","139,76","141,77","142,89","143,43","142,48","142,54","141,37","142,54","142,86","143,75","143,89","143,61","141,97","144,99","147,35","147,48","146,43","146,28","146,42","147,25","150,04","153,88","154,00","154,18","154,00","153,66","155,68","155,65","154,59","150,59","149,02","150,19","152,53","154,25","153,73","153,46","157,34","160,55","162,09","163,54","162,62","159,23","158,16","159,52","162,04"
KAB TABANAN,-,-,-,-,-,-,-,-,-,-,-,-,-,-,-,-,-,-,-,-,-,-,-,-,-,-,-,-,-,-,-,-,-,-,-,-,-,-,-,-,-,-,-,-,-,-,-,-,-,-,-,-,-,-,-,-,-,-,-,-
KAB BADUNG,-,-,-,-,-,-,-,-,-,-,-,-,-,-,-,-,-,-,-,-,-,-,-,-,-,-,-,-,-,-,-,-,-,-,-,-,-,-,-,-,-,-,-,-,-,-,-,-,-,-,-,-,-,-,-,-,-,-,-,-
SINGARAJA,"125,33","124,26","125,52","126,92","126,99","125,66","129,32","129,78","130,16","125,79","126,78","132,66","137,40","136,48","140,03","140,51","138,84","138,80","140,53","142,24","141,83","139,82","143,07","145,90","151,00","152,51","150,80","143,87","144,23","139,48","139,67","140,39","135,12","132,47","135,63","140,96","145,01","145,65","148,56","146,46","145,47","145,97","147,64","147,60","144,30","143,38","142,82","147,06","149,19","146,82","148,38","149,67","150,56","150,44","155,35","155,42","150,32","148,47","149,09","149,95"
KOTA DENPASAR,"126,05","125,90","125,74","124,21","125,04","125,64","127,86","129,48","127,85","124,41","126,14","129,57","132,93","134,33","134,46","134,59","133,26","134,62","135,74","136,04","135,75","133,69","134,25","135,41","138,72","140,74","139,38","138,67","137,19","135,50","135,75","135,81","133,57","132,08","133,55","138,07","142,29","144,78","145,33","144,96","143,68","145,47","146,47","146,94","142,97","141,72","142,33","146,16","146,79","145,03","146,09","146,24","145,59","145,25","147,59","147,60","143,92","145,44","145,30","147,27"
KAB SUMBAWA,-,-,-,-,-,-,-,-,-,-,-,-,-,-,-,-,-,-,-,-,-,-,-,-,-,-,-,-,-,-,-,-,-,-,-,-,-,-,-,-,-,-,-,-,-,-,-,-,-,-,-,-,-,-,-,-,-,-,-,-
KOTA MATARAM,"126,21","123,85","124,98","121,10","121,98","122,31","123,68","123,44","123,55","122,76","122,75","126,88","132,36","131,72","131,79","129,97","128,23","131,22","134,05","132,74","130,71","128,16","129,00","132,45","134,30","134,22","129,06","127,56","129,17","129,51","130,45","128,98","127,85","127,48","128,33","132,15","134,08","135,22","133,22","133,64","131,83","134,62","137,35","137,27","135,58","135,59","135,61","138,95","140,83","138,83","137,63","138,96","141,91","142,96","142,30","140,11","136,65","138,91","140,72","142,21"
KOTA BIMA,"124,88","121,14","118,39","121,90","122,01","119,38","124,05","123,60","123,00","124,72","126,84","130,63","134,52","135,49","133,76","133,54","129,10","137,21","139,74","138,37","134,56","131,71","133,52","135,62","140,60","137,28","133,25","134,28","135,91","138,38","138,42","137,80","136,90","136,07","139,32","145,47","144,96","148,06","144,90","146,46","145,45","145,68","145,83","145,86","143,76","145,20","146,19","149,41","152,24","148,26","145,28","148,28","152,73","152,77","149,59","145,54","143,52","144,37","146,77","152,26"
WAINGAPU,-,-,-,-,-,-,-,-,-,-,-,-,-,-,-,-,-,-,-,-,-,-,-,-,-,-,-,-,-,-,-,-,-,-,-,-,-,-,-,-,-,-,-,-,-,-,-,-,-,-,-,-,-,-,-,-,-,-,-,-
KAB TIMOR TENGAH SELATAN,-,-,-,-,-,-,-,-,-,-,-,-,-,-,-,-,-,-,-,-,-,-,-,-,-,-,-,-,-,-,-,-,-,-,-,-,-,-,-,-,-,-,-,-,-,-,-,-,-,-,-,-,-,-,-,-,-,-,-,-
MAUMERE,"105,04","102,60","101,35","101,73","101,25","101,02","103,15","104,31","104,88","105,51","106,71","109,66","107,94","108,31","105,45","104,91","104,23","104,56","103,70","102,40","105,39","105,93","108,70","113,72","113,22","111,43","110,19","109,23","109,63","109,79","110,39","110,51","112,38","110,95","110,82","111,60","111,85","113,41","113,98","112,35","111,84","112,27","112,96","111,63","112,27","111,67","112,73","112,96","111,69","113,67","111,11","110,74","111,71","113,50","112,36","112,00","110,92","112,11","114,25","115,74"
KAB NGADA,-,-,-,-,-,-,-,-,-,-,-,-,-,-,-,-,-,-,-,-,-,-,-,-,-,-,-,-,-,-,-,-,-,-,-,-,-,-,-,-,-,-,-,-,-,-,-,-,-,-,-,-,-,-,-,-,-,-,-,-
KOTA KUPANG,"119,08","113,69","113,18","111,60","112,46","113,91","113,46","111,72","113,29","113,75","115,94","123,92","128,39","126,69","123,03","124,59","125,50","127,63","122,60","119,39","117,18","118,07","122,14","128,73","130,85","131,07","126,01","124,95","124,13","122,53","124,32","122,52","120,34","118,53","122,35","125,46","132,92","132,61","130,17","129,41","131,83","131,49","132,00","128,38","123,71","124,98","125,39","130,80","133,39","131,36","129,76","132,01","131,92","129,99","130,16","128,40","126,88","126,98","128,76","131,49"
DILI,-,-,-,-,-,-,-,-,-,-,-,-,-,-,-,-,-,-,-,-,-,-,-,-,-,-,-,-,-,-,-,-,-,-,-,-,-,-,-,-,-,-,-,-,-,-,-,-,-,-,-,-,-,-,-,-,-,-,-,-
KAB KETAPANG,-,-,-,-,-,-,-,-,-,-,-,-,-,-,-,-,-,-,-,-,-,-,-,-,-,-,-,-,-,-,-,-,-,-,-,-,-,-,-,-,-,-,-,-,-,-,-,-,-,-,-,-,-,-,-,-,-,-,-,-
SINTANG,-,-,-,-,-,-,-,-,-,-,-,-,-,-,-,-,-,-,-,-,-,-,-,-,-,-,-,-,-,-,-,-,-,-,-,-,-,-,-,-,-,-,-,-,-,-,-,-,-,-,-,-,-,-,-,-,-,-,-,-
KAB KAYONG UTARA,-,-,-,-,-,-,-,-,-,-,-,-,-,-,-,-,-,-,-,-,-,-,-,-,-,-,-,-,-,-,-,-,-,-,-,-,-,-,-,-,-,-,-,-,-,-,-,-,-,-,-,-,-,-,-,-,-,-,-,-
KOTA PONTIANAK,"128,38","128,94","126,38","125,78","126,31","128,97","133,65","134,32","131,91","131,98","130,78","132,34","134,35","135,67","136,83","135,67","139,30","142,56","143,21","143,27","139,79","136,41","136,42","139,37","143,21","143,19","141,52","141,23","141,5","142,31","141,77","143,46","142,82","140,01","138,43","140,45","141,5","142,06","143,46","143,65","144,82","149,97","150,53","147,68","145,48","143,3","143,51","145,82","148,73","147,8","147,99","147,3","150,78","153,8","151,84","149,92","150,61","151,39","150,75","151,77"
KOTA SINGKAWANG,"123,24","124,82","124,56","122,96","122,02","121,93","124,58","126,88","127,09","125,20","124,96","126,99","127,88","129,33","130,12","130,11","130,11","132,19","132,67","133,68","131,40","128,57","127,83","129,49","133,55","132,84","131,41","130,77","131,3","132,45","133,55","135,07","136,84","136,87","134,42","137,38","142,33","142,51","142,86","142,26","143,37","145,7","148,8","149,67","149,24","144,72","142,27","142,26","147,75","148,13","145,7","145,18","150,26","150,71","150,41","149,37","148,14","145,47","143,27","141,75"
SAMPIT,"125,16","122,41","121,48","120,85","121,94","125,34","127,48","127,70","127,02","125,28","126,56","131,59","135,29","133,57","132,00","131,12","131,91","134,35","135,88","136,17","133,47","129,59","131,21","136,59","137,54","137,52","139,56","138,84","136,72","136,27","138,46","137,35","135,14","133,86","133,95","136,43","138,24","137,66","138,94","141,26","143,21","147,87","146,28","144,99","143,45","143,66","141,84","144,46","147,65","145,2","144,2","146,46","149,64","148,59","148,14","147,31","145,29","146,06","148,05","148,03"
KAB KAPUAS,-,-,-,-,-,-,-,-,-,-,-,-,-,-,-,-,-,-,-,-,-,-,-,-,-,-,-,-,-,-,-,-,-,-,-,-,-,-,-,-,-,-,-,-,-,-,-,-,-,-,-,-,-,-,-,-,-,-,-,-
KAB SUKAMARA,-,-,-,-,-,-,-,-,-,-,-,-,-,-,-,-,-,-,-,-,-,-,-,-,-,-,-,-,-,-,-,-,-,-,-,-,-,-,-,-,-,-,-,-,-,-,-,-,-,-,-,-,-,-,-,-,-,-,-,-
KOTA PALANGKA RAYA,"123,67","120,82","118,54","117,28","118,81","122,19","123,58","122,05","119,89","122,87","126,09","129,35","129,03","126,82","126,17","124,69","123,31","125,17","125,28","125,32","124,15","121,97","122,44","126,97","128,10","126,15","127,08","126,24","125,43","125,16","126,14","126,59","124,7",122,"122,08","124,86","126,25","125,25","126,42","127,32","128,02","130,08","130,9","129,53","129,65","129,74","127,99","130,62","132,34","131,72","131,31","132,77","134,84","136,33","134,5","133,57","133,1","134,8","137,41","137,93"
KAB TANAH LAUT,-,-,-,-,-,-,-,-,-,-,-,-,-,-,-,-,-,-,-,-,-,-,-,-,-,-,-,-,-,-,-,-,-,-,-,-,-,-,-,-,-,-,-,-,-,-,-,-,-,-,-,-,-,-,-,-,-,-,-,-
KOTABARU,-,-,-,-,-,-,-,-,-,-,-,-,-,-,-,-,-,-,-,-,-,-,-,-,-,-,-,-,-,-,-,-,-,-,-,-,-,-,-,-,-,-,-,-,-,-,-,-,-,-,-,-,-,-,-,-,-,-,-,-
KAB HULU SUNGAI TENGAH,-,-,-,-,-,-,-,-,-,-,-,-,-,-,-,-,-,-,-,-,-,-,-,-,-,-,-,-,-,-,-,-,-,-,-,-,-,-,-,-,-,-,-,-,-,-,-,-,-,-,-,-,-,-,-,-,-,-,-,-
TANJUNG,"129,60","123,01","124,28","124,53","126,34","127,04","128,46","127,75","129,47","132,88","136,04","139,99","139,40","138,11","137,81","138,45","136,68","139,89","143,80","137,80","135,76","130,52","139,92","144,76","143,64","143,44","144,01","138,71","136,63","141,25","142,44","140,04","135,76","131,31","133,28","141,21","141,79","140,62","142,8","145,96","146,63","148,02","151,76","145,16","142,48","142,57","140,52","144,32","148,15","144,69","144,66","146,53","150,63","149,64","150,02","145,47","141,73","145,83","150,42","150,24"
KOTA BANJARMASIN,"128,21","127,45","123,48","122,17","122,36","124,26","126,06","125,01","124,71","124,57","126,64","129,36","131,73","130,96","130,38","130,03","130,06","130,60","132,67","131,83","130,75","128,23","128,35","132,04","133,23","132,40","131,98","131,24","132,46","131,88","133,85","133,55","132,89","130,91","130,24","133,5","134,5","134,19","134,26","135,65","137,34","138,02","141,15","139,97","138,36","137,9","138,19","139,86","142,15","140,82","140,92","142,87","145,88","147,4","146,82","145,8","145,13","144,85","146,66","148,28"
KAB BERAU,-,-,-,-,-,-,-,-,-,-,-,-,-,-,-,-,-,-,-,-,-,-,-,-,-,-,-,-,-,-,-,-,-,-,-,-,-,-,-,-,-,-,-,-,-,-,-,-,-,-,-,-,-,-,-,-,-,-,-,-
KAB PENAJAM PASER UTARA,-,-,-,-,-,-,-,-,-,-,-,-,-,-,-,-,-,-,-,-,-,-,-,-,-,-,-,-,-,-,-,-,-,-,-,-,-,-,-,-,-,-,-,-,-,-,-,-,-,-,-,-,-,-,-,-,-,-,-,-
KOTA BALIKPAPAN,"128,86","135,57","129,05","124,52","128,62","134,79","139,47","138,96","138,18","140,18","135,88","139,00","136,34","138,92","138,80","135,83","135,88","138,89","139,21","135,47","134,86","133,79","134,64","138,35","139,56","135,73","136,39","135,16","135,86","137,4","137,37","137,15","137,47","135,57","133,86","136,96","138,65","139,52","140,87","141,58","142,61","147,1","148,11","145,14","141,69","141,67","138,04","137,86","142,84","142,01","140,5","140,73","144,14","151,46","149,9","148,55","147,01","144,23","144,4","146,06"
KOTA SAMARINDA,"122,40","122,59","120,91","119,84","119,98","122,71","125,28","125,48","124,70","124,13","124,06","129,49","130,49","130,04","131,01","130,40","130,06","132,20","132,48","134,89","132,99","129,29","129,21","133,51","135,12","133,23","134,30","134,39","134,29","136,62","137,3","135,75","133,39","131,08","129,95","134,02","136,92","137,83","136,48","138,19","140,08","142,43","144,04","144,25","140,95","140,92","139,33","141,2","144,48","142,76","140,73","140,72","143,85","143,96","146,1","146,16","142,12","140,99","143,05","144,33"
TANJUNG SELOR,-,-,-,-,-,-,-,-,-,-,-,-,-,-,-,-,-,-,-,-,-,-,-,-,-,-,-,-,-,-,-,-,-,-,-,-,-,-,-,-,-,-,-,-,-,-,-,-,-,-,-,-,-,-,-,-,-,-,-,-
KAB NUNUKAN,-,-,-,-,-,-,-,-,-,-,-,-,-,-,-,-,-,-,-,-,-,-,-,-,-,-,-,-,-,-,-,-,-,-,-,-,-,-,-,-,-,-,-,-,-,-,-,-,-,-,-,-,-,-,-,-,-,-,-,-
KOTA TARAKAN,"134,74","131,95","130,32","129,58","131,23","132,02","135,94","135,26","133,55","134,38","134,84","137,00","142,60","142,25","141,35","142,05","143,66","143,23","145,29","146,76","143,16","143,99","145,85","145,56","148,13","146,78","148,53","148,45","150,18","153,91","155,96","152,53","150,84","148,43","147,01","148,84","152,62",153,"152,34","154,1","153,67","159,64","158,25","159,41","154,23","153,82","155,56","158,56","162,09","158,28","156,78","159,72","161,75","164,05","160,72","159,07","155,77","153,48","156,66","156,75"
KAB MINAHASA SELATAN,-,-,-,-,-,-,-,-,-,-,-,-,-,-,-,-,-,-,-,-,-,-,-,-,-,-,-,-,-,-,-,-,-,-,-,-,-,-,-,-,-,-,-,-,-,-,-,-,-,-,-,-,-,-,-,-,-,-,-,-
KAB MINAHASA UTARA,-,-,-,-,-,-,-,-,-,-,-,-,-,-,-,-,-,-,-,-,-,-,-,-,-,-,-,-,-,-,-,-,-,-,-,-,-,-,-,-,-,-,-,-,-,-,-,-,-,-,-,-,-,-,-,-,-,-,-,-
KOTA MANADO,"127,99","127,22","127,97","122,48","127,60","129,15","130,72","129,69","132,76","141,15","140,86","149,21","146,94","144,98","144,77","141,13","141,38","146,50","148,58","145,65","140,47","139,60","156,47","144,74","147,18","152,38","153,32","151,73","144,79","148,1","155,08","151,71","145,52","143,55","143,75","144,92","147,61","151,52","150,36","159,71","162,22","164,35","157,68","151,69","147,71","149,13","159,37","161,83","167,45","164,35","158,03","147,81","166,85","189,76","177,81","161,2","154,31","162,22","184,3","169,04"
KOTA KOTAMOBAGU,-,-,-,-,-,-,-,-,-,-,-,-,-,-,-,-,-,-,-,-,-,-,-,-,-,-,-,-,-,-,-,-,-,-,-,-,-,-,-,-,-,-,-,-,-,-,-,-,-,-,-,-,-,-,-,-,-,-,-,-
LUWUK,-,-,-,-,-,-,-,-,-,-,-,-,-,-,-,-,-,-,-,-,-,-,-,-,-,-,-,-,-,-,-,-,-,-,-,-,-,-,-,-,-,-,-,-,-,-,-,-,-,-,-,-,-,-,-,-,-,-,-,-
KAB MOROWALI,-,-,-,-,-,-,-,-,-,-,-,-,-,-,-,-,-,-,-,-,-,-,-,-,-,-,-,-,-,-,-,-,-,-,-,-,-,-,-,-,-,-,-,-,-,-,-,-,-,-,-,-,-,-,-,-,-,-,-,-
KAB TOLI TOLI,-,-,-,-,-,-,-,-,-,-,-,-,-,-,-,-,-,-,-,-,-,-,-,-,-,-,-,-,-,-,-,-,-,-,-,-,-,-,-,-,-,-,-,-,-,-,-,-,-,-,-,-,-,-,-,-,-,-,-,-
KOTA PALU,"125,84","118,26","111,55","108,86","120,87","120,09","123,31","120,18","119,30","120,25","123,22","132,26","128,31","126,05","128,48","127,33","130,10","129,59","129,68","127,80","129,20","123,96","127,42","131,65","133,82","131,77","132,68","132,39","134,6","133,6","137,07","139,17","137,78","128,61","127,25","136,64","140,51","136,41","133,85","138,53","138,7","144,52","146,29","146,96","136,83","142,23","141,56","145,34","146,36","143,69","137,09","141,48","146,75","151,55","150,09","154,26","148,7","148,44","149,62","150,57"
BULUKUMBA,"129,58","126,61","126,49","123,19","123,18","125,54","128,77","130,31","133,23","127,97","127,83","132,25","133,78","128,58","127,15","126,27","125,97","127,78","127,69","126,63","128,47","127,30","129,72","130,68","131,24","132,43","130,53","130,22","129,4","133,15","136,19","137,64","137,43","134,38","134,59","135,44","139,47","140,19","138,03","139,33","140,26","141,82","142,69","141,7","139,75","138,18","138,79","140,38","142,41","139,19","136,88","137,52","140,71","139,69","138,16","138,6","136,89","135,9","135,73","135,88"
WATAMPONE,"128,84","126,59","129,23","125,68","126,24","129,09","130,92","131,07","133,27","132,57","133,54","135,50","137,94","134,35","134,26","134,60","135,54","138,30","139,28","137,61","138,52","135,68","137,16","137,55","140,49","141,38","139,57","140,36","140,01",147,"147,27","148,58","145,8","141,77","141,55","143,3","148,07","149,43","148,36",149,"151,99","157,95","161,73","158,96","154,97","153,6","154,47","155,76","153,88","150,35","148,29","150,3","153,16","154,99","153,76","155,17","154,53","153,62","154,93","154,89"
KAB WAJO,-,-,-,-,-,-,-,-,-,-,-,-,-,-,-,-,-,-,-,-,-,-,-,-,-,-,-,-,-,-,-,-,-,-,-,-,-,-,-,-,-,-,-,-,-,-,-,-,-,-,-,-,-,-,-,-,-,-,-,-
KAB SIDENRENG RAPPANG,-,-,-,-,-,-,-,-,-,-,-,-,-,-,-,-,-,-,-,-,-,-,-,-,-,-,-,-,-,-,-,-,-,-,-,-,-,-,-,-,-,-,-,-,-,-,-,-,-,-,-,-,-,-,-,-,-,-,-,-
KAB LUWU TIMUR,-,-,-,-,-,-,-,-,-,-,-,-,-,-,-,-,-,-,-,-,-,-,-,-,-,-,-,-,-,-,-,-,-,-,-,-,-,-,-,-,-,-,-,-,-,-,-,-,-,-,-,-,-,-,-,-,-,-,-,-
KOTA MAKASSAR,"126,93","125,95","125,83","125,90","126,27","128,83","131,18","132,59","134,59","133,95","134,77","137,12","144,23","143,62","143,94","142,88","141,58","142,04","146,65","144,04","145,03","145,27","147,35","147,61","149,90","152,41","150,16","149,75","147,43","149,72","152,96","151,69","149,49","147,43","148,28","152,26","155,81","156,99","157,7","158,83","159,35","161,65","164,25","162,67","157,91","157,54","157,41","160,04","163,32","162,23","161,83","164,48","168,3","168,67","167,72","169,26","167,76","168,78","168,96","168,2"
KOTA PARE-PARE,"125,52","123,20","119,79","116,27","117,14","119,68","124,45","124,34","123,78","123,22","124,48","127,64","133,09","131,15","126,22","124,45","126,74","128,90","133,45","129,16","124,91","125,39","128,42","130,26","132,83","131,49","128,51","126,89","126,69","132,23","137,13","134,88","132,55","129,11","128,99","134,65","141,85","141,04","135,25","131,95","135,51","138,21","142,96",142,"132,73","132,93","131,71","134,68","139,57","134,88","134,26","134,29","142,2","146,86","141,75","141,15","135,3","135,2","138,96","138,33"
KOTA PALOPO,"124,47","125,95","125,01","125,40","124,83","127,56","128,84","128,64","130,44","130,04","131,54","133,66","136,54","135,63","136,70","135,88","134,59","136,17","136,11","134,72","134,90","133,76","136,30","136,73","138,38","140,38","138,93","138,06","136,7","142,24","141,51","141,2","140,66","140,57","139,98","142,25","146,5","149,72","148,46","149,94","150,91","155,42","158,56","157,11","153,03","151,39","152,21","154,77","154,37","152,32","151,77","154,46","155,95","159,52","159,54","158,26","157,94","157,34","157,41","156,72"
KAB KONAWE,-,-,-,-,-,-,-,-,-,-,-,-,-,-,-,-,-,-,-,-,-,-,-,-,-,-,-,-,-,-,-,-,-,-,-,-,-,-,-,-,-,-,-,-,-,-,-,-,-,-,-,-,-,-,-,-,-,-,-,-
KAB KOLAKA,-,-,-,-,-,-,-,-,-,-,-,-,-,-,-,-,-,-,-,-,-,-,-,-,-,-,-,-,-,-,-,-,-,-,-,-,-,-,-,-,-,-,-,-,-,-,-,-,-,-,-,-,-,-,-,-,-,-,-,-
KOTA KENDARI,"114,09","112,64","112,75","111,29","113,48","113,97","117,63","120,34","122,10","120,39","119,47","121,01","128,70","127,08","127,35","126,17","125,60","130,39","130,66","128,75","126,69","127,08","126,03","125,29","127,49","128,90","127,37","125,86","129,27","145,98","148,33","140,75","136,48","131,63","130,02","133,16","136,51","135,82","134,93","133,3","138,54","146,36","149,65","142,76","138,71","139,22","139,7","137,56",140,"138,07","135,66","137,06","147,4","161,84","159,39","152,27","153,61","150,05","147,54","147,45"
KOTA BAU-BAU,"138,62","138,71","130,90","134,77","136,65","139,38","145,79","141,13","138,62","132,63","134,26","139,10","144,06","140,53","142,92","139,50","143,82","148,80","155,14","142,35","146,42","146,84","140,24","142,08","143,27","142,18","142,31","140,24","139,77","151,23","163,63","156,25","156,12","148,85","149,61","150,58","155,26","156,1","149,71","147,8","151,98","161,53","163,47","152,12","145,79","146,67","149,57","150,48","152,35","150,04","147,9","149,35","149,68","150,78","158,25","146,24","143,85","144,3","147,3","151,92"
KAB GORONTALO,-,-,-,-,-,-,-,-,-,-,-,-,-,-,-,-,-,-,-,-,-,-,-,-,-,-,-,-,-,-,-,-,-,-,-,-,-,-,-,-,-,-,-,-,-,-,-,-,-,-,-,-,-,-,-,-,-,-,-,-
KOTA GORONTALO,"105,82","104,37","107,16","104,42","107,94","110,37","112,70","115,69","115,89","115,70","116,59","125,01","121,71","124,84","125,40","125,74","126,13","129,54","129,53","128,03","125,78","123,43","126,50","127,98","132,40","132,12","131,66","129,07","129,39","135,94","141,15","135,37","134,73","132,38","132,99","136,29","139,29","134,45","136,41","134,58","137,79","138,39","137,29","135,87","133,91","133,67","133,69","135,58","136,12","130,23","130,24","132,85","141,64","143,36","142,76","145,54","143,03","143,13","144,4","145,31"
KAB MAJENE,-,-,-,-,-,-,-,-,-,-,-,-,-,-,-,-,-,-,-,-,-,-,-,-,-,-,-,-,-,-,-,-,-,-,-,-,-,-,-,-,-,-,-,-,-,-,-,-,-,-,-,-,-,-,-,-,-,-,-,-
MAMUJU,"118,94","115,55","115,57","114,14","116,67","120,86","123,87","123,79","121,08","121,16","123,20","130,29","130,28","128,01","127,44","128,12","128,71","131,94","131,11","127,11","127,05","125,18","126,81","130,77","131,64","134,61","132,10","131,41","131,86","135,86","132,5","134,81","134,66","131,88","134,03","136,57","139,03","140,24","136,67","137,51","138,03","141,26","140,33","139,57","136,97","136,81","136,12","138,09","137,91","135,89","134,92","135,49","139,05","139,89","140,05","141,8","138,01","137,99","139,09","141,68"
KAB MALUKU TENGAH,-,-,-,-,-,-,-,-,-,-,-,-,-,-,-,-,-,-,-,-,-,-,-,-,-,-,-,-,-,-,-,-,-,-,-,-,-,-,-,-,-,-,-,-,-,-,-,-,-,-,-,-,-,-,-,-,-,-,-,-
KOTA AMBON,"126,67","131,91","132,45","132,41","132,82","130,60","133,02","126,07","127,10","129,00","124,59","125,25","126,46","130,28","128,64","122,97","124,35","123,62","123,71","132,47","130,18","129,64","132,67","130,10","131,39","129,56","134,68","127,04","128,47","143,89","150,74","139,95","142,07","135,37","132,56","134,13","137,94","140,2","138,39","134,73","140,64","141,35","134,57","135,97","130,29","128,84","126,52","129,22","129,93","130,14","129,09","130,97","136,67","136,23","138,37","138,1","137,86","138,02","132,31","127,99"
KOTA TUAL,"133,46","143,77","143,66","143,84","148,79","145,16","143,92","148,51","142,90","135,41","138,02","142,78","142,97","137,33","139,69","140,62","138,78","142,08","142,99","142,55","139,83","141,76","140,48","144,05","143,93","148,60","151,30","150,81","153,95","167,89","176,87","168,27","175,81","179,16","166,62","169,08","173,38","175,47","167,35","156,12","160,95","167,68","171,3","165,64","166,38","168,95","172,61","164,8","161,42","178,86","160,61","164,54","173,65","179,41","169,99","172,02","173,62","173,38","169,41","168,32"
KAB HALMAHERA TENGAH,-,-,-,-,-,-,-,-,-,-,-,-,-,-,-,-,-,-,-,-,-,-,-,-,-,-,-,-,-,-,-,-,-,-,-,-,-,-,-,-,-,-,-,-,-,-,-,-,-,-,-,-,-,-,-,-,-,-,-,-
KOTA TERNATE,"117,67","115,26","115,55","113,04","114,27","118,53","119,61","127,37","118,75","122,36","122,52","130,65","124,96","118,77","120,33","121,05","121,08","122,75","124,58","124,66","123,95","122,70","124,55","125,07","127,97","126,88","125,21","124,11","124,64","132,06","134,51","123,55","120,31","123,07","117,39","123,08","124,47","125,37","124,42","127,69","128,5","136,08","127,23","124,97","123,97","124,31","123,65","125,77","130,21","127,9","126,92","129,56","132,19","135,42","134,37","137,26","130,86","130,23","131,68","130,76"
MANOKWARI,"116,31","115,68","118,24","113,44","113,15","116,48","118,42","111,61","113,22","110,23","110,45","117,81","119,52","117,82","117,44","117,66","118,52","122,59","125,92","130,29","126,50","121,26","125,52","127,16","126,25","124,72","124,08","122,39","124,82","130,01","134,82","129,21","135,45","132,58","131,88","131,04",133,"134,47","134,13","134,99","136,34","139,07","140,56","141,59","140,14","143,33","144,69","143,45","143,35","142,32","138,29","134,3","143,32","147,02","145,11","148,08","145,37","147,13","147,06","148,29"
KAB SORONG,-,-,-,-,-,-,-,-,-,-,-,-,-,-,-,-,-,-,-,-,-,-,-,-,-,-,-,-,-,-,-,-,-,-,-,-,-,-,-,-,-,-,-,-,-,-,-,-,-,-,-,-,-,-,-,-,-,-,-,-
KAB SORONG SELATAN,-,-,-,-,-,-,-,-,-,-,-,-,-,-,-,-,-,-,-,-,-,-,-,-,-,-,-,-,-,-,-,-,-,-,-,-,-,-,-,-,-,-,-,-,-,-,-,-,-,-,-,-,-,-,-,-,-,-,-,-
KOTA SORONG,"119,90","119,35","119,44","119,95","120,38","125,67","131,04","135,45","135,66","134,62","131,28","132,19","136,02","136,65","135,79","134,69","130,18","132,41","134,80","139,00","138,82","133,37","133,99","134,98","136,64","137,27","138,75","136,75","134,72","136,67","138,52","137,4","137,26","136,1","135,27","135,19","136,68","136,57","136,92","138,79","139,66","144,21","147,46","149,64","144,86","143,72","143,12","141,5","142,92","139,52","135,29","135,13",141,"141,12","143,26","144,18","144,15","142,3","139,12","139,44"
KOTA JAYAPURA,"125,60","125,70","127,37","125,86","125,21","127,50","126,33","125,57","127,52","126,47","126,99","129,86","134,23","134,22","135,31","135,50","138,26","140,04","139,52","137,63","137,24","138,06","136,39","138,13","140,35","139,25","143,72","144,16","139,22","138,08","140,44","140,1","137,22","136,69","135,72","136,56","136,36","140,93","151,24","149,98","152,03","153,9","155,63","150,76","150,68","150,65","150,59","152,16","153,31","154,69","154,73","151,02","154,42","156,32","155,29","154,46","147,29","146,31","151,3","152,52"
MERAUKE,"141,84","136,67","131,96","131,20","131,31","127,37","123,88","122,50","126,98","129,99","136,45","146,08","146,41","134,75","132,91","131,07","132,45","132,70","132,22","133,62","132,86","133,54","136,48","134,83","137,14","138,02","143,02","139,96","139,17","135,85","133,52","130,7","127,04","128,62","129,18","132,16","136,36","140,25","140,59","144,94","146,62","142,15","145,15","139,63","134,85","134,41","142,52","144,8","144,49","136,11","138,23","143,9","142,38","142,81","139,01","137,24","132,9","131,89","136,33","139,76"
TIMIKA,-,-,-,-,-,-,-,-,-,-,-,-,-,-,-,-,-,-,-,-,-,-,-,-,-,-,-,-,-,-,-,-,-,-,-,-,-,-,-,-,-,-,-,-,-,-,-,-,-,-,-,-,-,-,-,-,-,-,-,-
KAB NABIRE,-,-,-,-,-,-,-,-,-,-,-,-,-,-,-,-,-,-,-,-,-,-,-,-,-,-,-,-,-,-,-,-,-,-,-,-,-,-,-,-,-,-,-,-,-,-,-,-,-,-,-,-,-,-,-,-,-,-,-,-
KAB JAYAWIJAYA,-,-,-,-,-,-,-,-,-,-,-,-,-,-,-,-,-,-,-,-,-,-,-,-,-,-,-,-,-,-,-,-,-,-,-,-,-,-,-,-,-,-,-,-,-,-,-,-,-,-,-,-,-,-,-,-,-,-,-,-
INDONESIA,"127,52","125,65","124,73","123,75","125,47","127,48","130,06","131,24","129,83","128,46","128,89","133,01","135,93","135,14","136,07","134,79","135,19","137,38","138,92","137,98","137,88","137,59","139,88","140,58","141,51","141,07","140,14","138,56","139,75","140,72","141,01","140,06","139,32","138,69","139,2","142,35","145,68","145,87","146,08","145,7",146,"147,29","148,55","146,92","144,54","144,76","145,11","147,21","148,57","146,92","146,9","149,03","152,04","154,52","155,75","155,45","152,38","151,76","152,32","153,51"