DAERAH,01/2024,02/2024,03/2024,04/2024,05/2024,06/2024,07/2024,08/2024,09/2024,10/2024,11/2024,12/2024,01/2025,02/2025,03/2025,04/2025,05/2025,06/2025,07/2025,08/2025,09/2025,10/2025,11/2025,12/2025,01/2026,02/2026,03/2026,04/2026
PROV ACEH,"106,90","109,23","110,62","109,95","110,10","110,05","106,92","106,70","105,62","105,04",-,-,"112,90","112,16","112,41","114,22","111,98","111,27","113,11","116,04","116,41","115,72","113,13","123,67","121,31","120,15","120,00","120,27"
PROV SUMATERA UTARA,"108,18","109,62","111,86","110,88","112,72","111,33","107,94","106,84","105,68","106,05",-,-,"114,20","113,41","112,63","113,42","111,37","110,26","112,62","117,62","119,47","117,63","115,48","121,07","117,68","117,79","117,34","118,18"
PROV SUMATERA BARAT,"108,82","113,20","115,57","112,92","115,01","115,11","110,24","109,17","106,99","106,75",-,-,"113,53","113,29","112,41","115,12","110,86","109,36","111,57","113,70","116,62","117,29","115,92","121,31","116,61","116,68","116,90","117,12"
PROV RIAU,"106,55","108,43","110,91","109,55","110,68","109,86","105,87","104,34","102,87","102,75",-,-,"110,28","108,99","109,38","111,62","107,74","106,53","108,71","111,40","115,53","113,91","112,44","116,60","114,75","114,80","114,42","114,40"
PROV JAMBI,"109,49","109,98","111,94","110,56","111,43","110,56","106,53","105,88","104,81","104,73",-,-,"111,61","111,12","111,25","112,82","109,80","109,93","112,39","112,93","115,17","113,78","113,17","115,24","114,28","115,74","117,03","116,64"
PROV SUMATERA SELATAN,"109,44","109,67","110,36","110,73","110,50","109,76","107,46","105,94","105,12","105,18",-,-,"112,11","111,02","112,59","113,26","112,07","111,92","112,32","111,98","112,38","111,95","111,97","113,40","113,07","114,33","115,25","115,04"
PROV BENGKULU,"105,77","108,72","108,97","109,10","109,21","108,85","105,54","104,28","102,80","102,15",-,-,"107,42","106,60","106,61","107,79","106,62","105,98","107,35","108,02","111,20","111,20","110,94","112,57","111,12","112,93","113,50","113,36"
PROV LAMPUNG,"110,97","112,55","113,33","112,83","112,65","111,54","110,16","109,11","107,87","108,59",-,-,"113,83","113,02","116,19","116,74","114,29","114,38","114,90","113,96","113,93","113,92","114,66","116,70","117,52","118,35","118,72","119,88"
PROV KEPULAUAN BANGKA BELITUNG,"101,57","103,13","103,39","104,09","103,04","101,37","99,63","100,15","99,26","98,77",-,-,"104,33","103,59","102,76","105,15","101,59","102,51","104,54","103,29","104,69","105,89","106,89","108,36","111,23","109,10","110,08","110,48"
PROV KEPULAUAN RIAU,"107,87","106,97","108,32","106,91","108,91","109,50","107,75","106,38","106,33","105,68",-,-,"111,94","110,63","110,29","111,09","108,58","107,83","108,30","109,30","111,50","111,21","110,75","114,58","114,38","114,84","115,39","115,16"
PROV DKI JAKARTA,"107,97","109,52","111,29","110,98","109,50","109,30","107,91","107,30","106,40","106,43",-,-,"111,64","110,69","113,04","113,26","111,26","111,85","112,31","111,27","111,68","112,13","112,41","113,90","111,87","114,36","116,03","115,61"
PROV JAWA BARAT,"108,79","110,53","112,40","111,88","110,89","110,53","110,04","109,25","107,87","107,62",-,-,"111,78","111,08","112,83","112,28","110,56","111,57","112,21","111,26","111,57","112,47","112,63","113,97","113,76","115,88","117,28","117,04"
PROV JAWA TENGAH,"109,14","111,40","113,62","113,49","112,25","110,60","109,35","108,36","107,64","108,12",-,-,"113,71","112,68","114,78","114,37","111,90","113,02","113,16","112,19","112,67","113,38","113,97","115,80","114,76","117,08","118,81","117,88"
PROV DI YOGYAKARTA,"109,99","111,57","113,20","112,22","111,78","110,27","109,36","108,47","107,31","107,56",-,-,"112,80","112,23","113,26","113,16","112,04","112,88","112,63","111,36","111,63","112,35","113,38","115,69","113,95","115,49","116,70","116,48"
PROV JAWA TIMUR,"108,83","110,97","113,28","113,40","112,06","110,21","109,58","108,57","107,52","107,91",-,-,"112,80","112,05","114,28","112,58","110,65","112,27","112,78","111,91","112,35","112,59","112,98","115,45","114,17","116,75","118,61","117,42"
PROV BANTEN,"106,29","107,93","110,12","110,31","108,08","107,40","105,90","105,20","103,67","103,55",-,-,"108,66","107,85","109,72","110,21","107,87","108,65","109,32","107,78","108,07","108,76","109,60","111,60","112,32","115,16","116,42","115,56"
PROV BALI,"107,99","110,25","113,19","114,12","112,84","110,17","109,54","108,76","108,20","108,56",-,-,"117,12","115,71","117,11","116,47","113,62","115,29","115,99","113,87","113,33","113,73","114,68","117,65","116,56","118,84","120,12","119,33"
PROV NUSA TENGGARA BARAT,"107,64","107,80","110,64","110,17","107,88","106,34","104,55","104,41","104,01","103,93",-,-,"110,58","109,27","111,49","110,51","108,04","109,72","110,15","108,10","108,40","108,54","109,23","111,44","113,60","115,18","117,39","116,22"
PROV NUSA TENGGARA TIMUR,"110,07","109,22","108,70","108,97","108,24","106,86","105,41","104,47","104,22","104,60",-,-,"111,76","113,10","111,57","111,78","110,07","109,18","111,69","110,19","108,34","107,43","108,30","110,51","114,02","114,63","115,01","115,69"
PROV KALIMANTAN BARAT,"106,52","106,63","107,78","109,36","109,94","108,63","106,84","105,75","106,35","106,17",-,-,"109,97","110,55","110,70","110,73","109,18","109,59","111,05","110,40","110,25","110,71","111,11","111,59","113,50","114,58","114,96","116,06"
PROV KALIMANTAN TENGAH,"109,13","107,31","109,18","110,93","111,68","110,65","108,03","106,10","106,05","106,63",-,-,"111,86","111,05","111,75","111,45","109,43","110,03","110,52","108,69","109,22","110,19","110,32","113,49","115,70","116,74","118,07","118,54"
PROV KALIMANTAN SELATAN,"108,75","108,57","110,31","111,28","110,60","109,37","106,95","104,95","105,40","105,25",-,-,"109,92","110,03","111,38","110,34","108,35","108,98","108,76","108,22","108,51","108,29","110,24","112,55","113,77","115,44","117,31","116,51"
PROV KALIMANTAN TIMUR,"108,57","108,99","110,78","112,27","112,49","112,00","110,31","109,13","109,47","108,34",-,-,"111,77","111,62","114,48","115,32","112,59","113,39","114,07","113,25","112,77","111,56","112,31","114,45","115,85","116,97","119,01","118,95"
PROV KALIMANTAN UTARA,"106,89","106,63","108,14","108,71","108,73","108,35","107,71","106,43","105,81","106,14",-,-,"109,19","109,51","111,05","110,08","109,47","108,94","110,56","109,92","109,39","108,81","108,58","109,75","110,52","111,38","113,08","112,64"
PROV SULAWESI UTARA,"114,42","112,28","115,96","116,01","116,07","117,84","116,79","116,81","114,35","114,90",-,-,"117,45","118,00","123,23","123,72","120,53","122,96","123,83","117,86","117,83","117,49","114,85","117,11","117,19","119,66","120,12","122,60"
PROV SULAWESI TENGAH,"111,66","113,28","115,69","114,98","114,85","115,29","113,30","111,24","111,04","110,56",-,-,"112,96","113,91","118,76","120,38","118,82","118,67","122,85","122,77","121,51","120,78","118,49","118,31","118,93","121,27","122,75","123,72"
PROV SULAWESI SELATAN,"108,44","109,38","110,53","110,49","109,57","108,48","107,19","106,41","105,61","105,53",-,-,"108,83","107,84","111,44","112,75","110,73","110,48","113,06","113,01","112,06","110,88","110,24","112,05","113,80","116,19","118,46","118,39"
PROV SULAWESI TENGGARA,"106,08","106,25","108,78","109,40","110,19","109,67","108,68","106,96","105,97","105,17",-,-,"107,58","109,18","113,23","113,56","112,31","114,67","118,50","116,66","114,93","111,63","110,98","111,53","115,58","116,98","118,33","118,75"
PROV GORONTALO,"112,81","108,22","111,00","112,14","113,16","112,53","108,93","107,77","109,05","106,86",-,-,"109,54","110,98","116,23","117,04","110,67","111,95","116,59","113,83","112,88","110,92","111,68","114,71","116,55","118,65","119,10","121,05"
PROV SULAWESI BARAT,"103,41","103,61","104,99","103,70","103,29","105,79","103,86","102,88","103,64","104,07",-,-,"107,43","107,29","109,66","112,01","110,96","111,53","113,02","112,04","111,43","110,52","109,45","111,31","114,10","114,57","114,83","114,90"
PROV MALUKU,"107,34","103,48","101,16","101,53","106,73","110,37","107,34","104,68","104,20","106,47",-,-,"109,24","109,33","110,85","107,18","108,92","112,86","114,63","114,12","112,53","111,64","110,99","113,08","118,03","118,89","116,47","114,48"
PROV MALUKU UTARA,"111,50","109,28","110,82","112,46","113,98","115,16","115,03","114,21","116,71","112,21",-,-,"112,65","113,18","118,26","120,34","117,06","120,00","121,11","114,15","113,69","113,48","116,06","115,64","120,16","122,72","122,70","122,60"
PROV PAPUA BARAT,"109,26","109,43","110,90","110,84","115,02","113,54","112,77","113,41","111,01","108,89",-,-,"113,05","107,61","107,68","108,72","106,75","107,58","112,69","109,89","111,36","110,05","110,22","115,31","117,60","115,49","115,16","117,04"
PROV PAPUA BARAT DAYA,"100,99","100,78","101,43","103,61","103,69","104,86","105,21","105,30","106,72","105,11",-,-,"104,58","102,08","101,47","103,18","102,04","103,18","105,72","107,90","107,53","106,67","105,70","107,17","109,70","107,82","111,11","111,12"
PROV PAPUA,"101,85","99,93","99,05","101,79","104,64","104,64","102,03","102,13","100,52","100,39",-,-,"108,34","109,23","105,93","106,06","106,68","105,06","105,31","103,31","102,49","101,24","104,65","109,37","112,04","112,10","113,34","115,82"
PROV PAPUA SELATAN,"108,96","108,86","107,66","107,52","115,00","110,01","107,61","107,66","104,58","104,18",-,-,"113,85","113,60","112,63","115,96","117,88","115,62","122,06","116,98","111,37","110,28","109,36","110,78","117,59","117,96","119,53","121,91"
PROV PAPUA TENGAH,"110,40","106,81","109,32","112,38","116,46","115,58","115,38","114,31","112,58","113,88",-,-,"114,65","114,13","115,87","118,87","118,72","118,21","120,30","116,78","116,39","116,11","117,64","119,65","118,60","117,68","118,18","118,44"
PROV PAPUA PEGUNUNGAN,"111,79","111,74","111,85","114,01","117,27","119,83","118,32","117,46","115,73","114,10",-,-,"121,22","128,84","126,21","124,94","128,82","124,19","126,00","125,44","124,34","121,41","121,88","126,09","128,60","129,88","135,30","136,25"
INDONESIA,"108,35","109,63","111,45","111,32","110,82","110,06","108,57","107,64","106,69","106,68",-,-,"111,86","111,20","112,84","112,88","110,84","111,43","112,41","111,94","112,39","112,42","112,48","114,75","114,28","116,04","117,28","117,05"