age,exposure_male,dx_male,expectedlife_male,qx_male,px_male,exposure_female,dx_female,expectedlife_female,qx_female,px_female
0,,100.111,73.74,0.009791,0.990209,,70.861,78.37,0.00788,0.99212
1,,11.879,73.47,0.002526,0.997474,,9.232,77.99,0.002096,0.997904
2,,7.073,72.65,0.001079,0.998921,,5.051,77.15,0.0009,0.9991
3,,6.121,71.73,0.000701,0.999299,,4.438,76.22,0.00058,0.99942
4,,6.551,70.78,0.000598,0.999402,,4.551,75.27,0.000489,0.999511
5,,5.69,69.82,0.000578,0.999422,,4.153,74.3,0.00047,0.99953
6,,5.614,68.86,0.000575,0.999425,,3.993,73.34,0.000469,0.999531
7,,5.607,67.9,0.000566,0.999434,,4.055,72.37,0.000465,0.999535
8,,6.02,66.94,0.000547,0.999453,,4.5,71.41,0.000454,0.999546
9,,5.458,65.98,0.000523,0.999477,,4.08,70.44,0.00044,0.99956
10,,5.512,65.01,0.000507,0.999493,,3.975,69.47,0.000432,0.999568
11,,5.421,64.05,0.000504,0.999496,,4.32,68.5,0.000437,0.999563
12,,6.047,63.08,0.000517,0.999483,,4.795,67.53,0.000452,0.999548
13,,5.995,62.11,0.000543,0.999457,,4.752,66.56,0.000473,0.999527
14,,6.286,61.14,0.000578,0.999422,,4.975,65.59,0.000498,0.999502
15,,7.123,60.18,0.00062,0.99938,,5.38,64.63,0.000527,0.999473
16,,7.962,59.22,0.000661,0.999339,,6.057,63.66,0.000558,0.999442
17,,7.705,58.26,0.000697,0.999303,,6.028,62.7,0.00059,0.99941
18,,8.142,57.3,0.000734,0.999266,,6.687,61.73,0.000628,0.999372
19,,8.984,56.34,0.000776,0.999224,,7.139,60.77,0.000673,0.999327
20,,10.012,55.38,0.000822,0.999178,,8.233,59.81,0.00072,0.99928
21,,9.48,54.43,0.000865,0.999135,,8.008,58.85,0.000767,0.999233
22,,9.88,53.47,0.000913,0.999087,,8.462,57.9,0.000815,0.999185
23,,10.492,52.52,0.000967,0.999033,,8.886,56.95,0.000866,0.999134
24,,11.886,51.57,0.001023,0.998977,,10.17,56.0,0.000918,0.999082
25,,11.292,50.63,0.001076,0.998924,,9.877,55.05,0.000967,0.999033
26,,11.573,49.68,0.001132,0.998868,,10.046,54.1,0.001017,0.998983
27,,12.327,48.74,0.001196,0.998804,,10.752,53.16,0.001073,0.998927
28,,13.828,47.8,0.001263,0.998737,,11.949,52.21,0.001129,0.998871
29,,13.247,46.86,0.001327,0.998673,,11.526,51.27,0.001181,0.998819
30,,13.387,45.92,0.001393,0.998607,,11.559,50.33,0.001234,0.998766
31,,14.346,44.98,0.001468,0.998532,,12.41,49.4,0.001292,0.998708
32,,16.436,44.05,0.001549,0.998451,,13.899,48.46,0.001354,0.998646
33,,15.853,43.12,0.001632,0.998368,,13.519,47.53,0.001417,0.998583
34,,16.564,42.19,0.001728,0.998272,,14.182,46.59,0.001489,0.998511
35,,18.281,41.26,0.001846,0.998154,,15.314,45.66,0.001578,0.998422
36,,21.678,40.34,0.001981,0.998019,,18.074,44.73,0.001682,0.998318
37,,21.217,39.42,0.002123,0.997877,,17.868,43.81,0.001793,0.998207
38,,22.613,38.5,0.002282,0.997718,,18.772,42.89,0.001917,0.998083
39,,24.247,37.59,0.002468,0.997532,,20.318,41.97,0.002065,0.997935
40,,27.905,36.68,0.002681,0.997319,,23.027,41.06,0.002233,0.997767
41,,26.993,35.78,0.002911,0.997089,,22.177,40.15,0.002418,0.997582
42,,28.635,34.89,0.003171,0.996829,,23.832,39.25,0.002631,0.997369
43,,30.604,34.0,0.003475,0.996525,,25.692,38.35,0.002881,0.997119
44,,35.62,33.12,0.003816,0.996184,,29.815,37.46,0.003161,0.996839
45,,35.736,32.24,0.004182,0.995818,,29.581,36.58,0.003458,0.996542
46,,37.985,31.38,0.00459,0.99541,,31.438,35.71,0.003791,0.996209
47,,41.283,30.52,0.005064,0.994936,,34.173,34.84,0.004176,0.995824
48,,49.068,29.68,0.005611,0.994389,,40.168,33.99,0.00461,0.99539
49,,49.994,28.85,0.006223,0.993777,,40.657,33.15,0.005079,0.994921
50,,52.737,28.03,0.006927,0.993073,,41.776,32.32,0.005598,0.994402
51,,56.877,27.22,0.007738,0.992262,,45.705,31.5,0.006179,0.993821
52,,66.907,26.43,0.008626,0.991374,,53.68,30.69,0.006796,0.993204
53,,64.757,25.66,0.009534,0.990466,,50.956,29.9,0.007411,0.992589
54,,66.502,24.91,0.010457,0.989543,,52.374,29.13,0.008042,0.991958
55,,70.574,24.17,0.011404,0.988596,,55.362,28.36,0.008711,0.991289
56,,80.066,23.45,0.012364,0.987636,,63.577,27.61,0.009402,0.990598
57,,76.831,22.75,0.013315,0.986685,,59.551,26.87,0.010081,0.989919
58,,78.122,22.05,0.014309,0.985691,,60.372,26.15,0.010777,0.989223
59,,82.598,21.37,0.015405,0.984595,,63.125,25.43,0.011524,0.988476
60,,91.283,20.71,0.016604,0.983396,,68.674,24.73,0.012311,0.987689
61,,85.636,20.06,0.017867,0.982133,,64.309,24.04,0.013102,0.986898
62,,87.248,19.42,0.019201,0.980799,,64.105,23.36,0.013903,0.986097
63,,86.09,18.8,0.020585,0.979415,,62.162,22.69,0.014711,0.985289
64,,92.484,18.2,0.021962,0.978038,,66.006,22.02,0.015496,0.984504
65,,83.889,17.61,0.023274,0.976726,,58.07,21.37,0.016229,0.983771
66,,82.397,17.03,0.024568,0.975432,,56.171,20.72,0.016951,0.983049
67,,83.398,16.45,0.025899,0.974101,,56.476,20.08,0.017697,0.982303
68,,87.341,15.89,0.027284,0.972716,,59.343,19.44,0.018466,0.981534
69,,75.542,15.34,0.028732,0.971268,,52.638,18.81,0.019257,0.980743
70,,69.885,14.79,0.030301,0.969699,,49.443,18.18,0.020115,0.979885
71,,67.424,14.25,0.032002,0.967998,,49.09,17.55,0.021067,0.978933
72,,71.179,13.73,0.033755,0.966245,,53.802,16.93,0.022084,0.977916
73,,58.72,13.2,0.035455,0.964545,,46.164,16.31,0.023111,0.976889
74,,55.527,12.69,0.037098,0.962902,,43.89,15.7,0.024162,0.975838
75,,55.477,12.18,0.038713,0.961287,,43.897,15.09,0.025266,0.974734
76,,62.974,11.67,0.040318,0.959682,,49.333,14.48,0.026431,0.973569
77,,56.532,11.16,0.041931,0.958069,,44.656,13.87,0.02766,0.97234
78,,52.91,10.65,0.043665,0.956335,,42.105,13.26,0.029022,0.970978
79,,53.299,10.13,0.045679,0.954321,,42.552,12.66,0.030617,0.969383
80,,50.331,9.62,0.048105,0.951895,,41.779,12.06,0.032506,0.967494
81,870.874,42.255,9.11,0.051056,0.948944,,37.619,11.47,0.034703,0.965297
82,735.488,37.796,8.6,0.054637,0.945363,972.78,35.663,10.88,0.037204,0.962796
83,592.105,30.902,8.09,0.058904,0.941096,818.58,30.209,10.3,0.039987,0.960013
84,506.748,29.44,7.6,0.063869,0.936131,721.245,29.913,9.73,0.043043,0.956957
85,444.484,23.777,7.12,0.069532,0.930468,645.024,25.017,9.16,0.046397,0.953603
86,393.011,21.497,6.65,0.075921,0.924079,578.007,23.724,8.61,0.050129,0.949871
87,355.259,19.96,6.19,0.083101,0.916899,516.269,22.451,8.06,0.054368,0.945632
88,325.513,18.729,5.76,0.091181,0.908819,459.238,20.206,7.53,0.05927,0.94073
89,289.147,16.144,5.33,0.100295,0.899705,400.056,17.128,7.0,0.065021,0.934979
90,249.966,13.73,4.93,0.11059,0.88941,337.271,13.761,6.49,0.07182,0.92818
91,214.246,12.961,4.54,0.122198,0.877802,282.613,13.024,5.99,0.079865,0.920135
92,162.923,11.928,4.17,0.13522,0.86478,205.336,11.82,5.51,0.089331,0.910669
93,119.403,7.621,3.83,0.149714,0.850286,145.346,6.934,5.05,0.100354,0.899646
94,98.78,6.659,3.5,0.165699,0.834301,122.482,5.993,4.62,0.113024,0.886976
95,78.581,5.435,3.19,0.183166,0.816834,101.672,4.807,4.2,0.127397,0.872603
96,62.829,4.654,2.91,0.202084,0.797916,84.623,4.419,3.82,0.143499,0.856501
97,50.144,3.381,2.65,0.222408,0.777592,68.352,3.36,3.46,0.161346,0.838654
98,39.235,2.201,2.41,0.244075,0.755925,54.275,2.232,3.12,0.180955,0.819045
99,29.655,1.675,2.18,0.267009,0.732991,41.748,1.929,2.81,0.202353,0.797647
100,21.425,1.241,1.98,0.291119,0.708881,30.693,1.456,2.53,0.225572,0.774428
101,15.22,923.0,1.79,0.316297,0.683703,22.816,1.227,2.26,0.250649,0.749351
102,9.03,615.0,1.62,0.342423,0.657577,13.655,887.0,2.02,0.277614,0.722386
103,5.099,295.0,1.46,0.369364,0.630636,7.751,423.0,1.8,0.306485,0.693515
104,3.915,268.0,1.32,0.396967,0.603033,6.267,376.0,1.59,0.337265,0.662735
105,3.231,168.0,1.18,0.425069,0.574931,5.519,228.0,1.4,0.36994,0.63006
106,2.705,138.0,1.06,0.453489,0.546511,4.738,223.0,1.22,0.404473,0.595527
107,2.031,100.0,0.94,0.482033,0.517967,3.499,160.0,1.05,0.440808,0.559192
108,1.49,88.0,0.81,0.510493,0.489507,2.484,144.0,0.88,0.478863,0.521137
109,922.0,78.0,0.66,0.538649,0.461351,1.508,102.0,0.69,0.518532,0.481468
110,275.0,37.0,0.43,0.566271,0.433729,425.0,70.0,0.44,0.559684,0.440316
111,1.0,1.0,0.0,1.0,0.0,1.0,1.0,0.0,1.0,0.0
